"order_item_id","order_id","product_id","quantity","price"
1,1,44,1,5766.43
2,2,35,3,2904.71
3,2,26,2,1825.89
4,2,22,1,9984.72
5,3,42,3,6912.02
6,3,39,2,633.55
7,3,14,1,2024.2
8,3,28,2,3787.85
9,4,13,1,276.03
10,4,49,2,5733.8
11,4,29,1,4777.68
12,4,41,1,9742.73
13,5,14,3,2220.09
14,5,11,2,505.9
15,6,7,1,6916.38
16,7,14,2,1980.67
17,7,24,3,2068.2
18,8,19,3,3266.32
19,8,38,3,5178.79
20,9,47,3,4527.34
21,9,33,2,8754.66
22,10,44,1,5994.81
23,10,15,3,2095.86
24,11,19,1,3652.66
25,11,35,1,2963.99
26,12,35,2,2963.99
27,13,42,1,7056.02
28,14,31,3,5654.18
29,15,50,3,7623.53
30,16,31,2,5714.97
31,16,23,3,3222.5
32,16,2,3,3618.14
33,16,6,2,3257.61
34,17,17,2,2722.35
35,17,34,1,8063.25
36,17,44,1,5994.81
37,18,48,1,3307.8
38,19,44,3,5252.59
39,19,10,3,7020.63
40,20,50,3,7179.45
41,21,38,3,5593.09
42,21,1,1,5783.82
43,21,14,1,2154.79
44,22,13,2,273.35
45,22,7,3,7431.43
46,23,7,3,7431.43
47,23,46,3,1182.61
48,23,2,2,3471.96
49,24,46,1,1231.89
50,24,27,2,6107.18
51,24,44,2,5195.5
52,24,9,1,4685.56
53,25,50,1,7549.52
54,26,4,1,5762.72
55,26,30,1,7373.69
56,27,25,3,8046.45
57,28,37,1,8416.94
58,28,44,1,5880.62
59,29,19,2,3863.39
60,29,8,3,5052.49
61,30,17,1,2668.45
62,30,10,2,6739.8
63,30,41,1,9191.25
64,30,12,3,5629.77
65,31,10,3,7301.46
66,32,2,3,3508.5
67,32,25,3,8350.09
68,32,22,1,9787.0
69,33,34,3,8395.76
70,33,29,3,5216.44
71,33,22,3,9391.57
72,33,21,3,5702.68
73,34,26,2,2037.31
74,35,10,2,7090.84
75,36,44,2,6051.9
76,37,11,2,495.88
77,37,24,2,2246.11
78,38,33,3,9542.58
79,38,8,2,4528.18
80,39,28,2,3993.71
81,39,13,1,265.31
82,39,27,2,6477.31
83,40,48,3,3214.19
84,40,21,1,6423.02
85,40,47,3,4527.34
86,40,36,2,5969.33
87,41,12,1,5319.88
88,41,7,2,6842.8
89,42,29,3,4777.68
90,43,13,2,270.67
91,44,10,3,6950.42
92,44,46,2,1133.34
93,44,23,1,2912.65
94,45,15,1,1946.15
95,46,27,1,6415.62
96,47,10,2,6950.42
97,48,33,2,8316.93
98,48,23,3,3284.47
99,48,19,3,3617.54
100,49,24,1,2335.06
101,49,10,1,7231.25
102,49,38,1,5541.31
103,49,25,3,7515.08
104,50,18,2,8557.69
105,51,17,1,2884.08
106,51,21,1,5882.76
107,51,4,2,5327.8
108,51,18,3,7923.79
109,52,26,2,2114.19
110,52,36,2,5578.81
111,52,49,1,5492.38
112,52,9,1,5441.3
113,53,35,1,2726.87
114,53,17,2,2479.77
115,53,50,1,7623.53
116,53,27,3,6477.31
117,54,27,1,5675.36
118,54,38,2,4816.27
119,54,21,2,5642.65
120,54,37,3,7026.98
121,55,10,2,6880.22
122,55,2,1,3435.41
123,55,29,2,4972.68
124,56,31,1,6687.74
125,57,40,2,558.67
126,57,33,2,9542.58
127,57,23,1,3315.46
128,57,25,1,7970.54
129,58,31,2,6079.76
130,59,47,3,5074.6
131,59,3,1,1412.67
132,60,37,1,7953.62
133,60,23,3,3098.56
134,61,32,1,8502.94
135,61,50,3,7401.49
136,61,36,1,5411.45
137,62,21,2,6483.05
138,62,4,2,5980.18
139,62,18,2,8003.03
140,62,16,3,6623.61
141,63,10,2,7371.66
142,63,5,3,9420.87
143,63,37,1,8339.72
144,63,40,3,541.57
145,64,34,3,8063.25
146,64,38,1,4919.85
147,64,24,1,2090.44
148,65,23,1,2943.63
149,66,26,1,2037.31
150,66,1,3,5626.08
151,66,49,1,5854.51
152,66,13,2,286.75
153,67,5,1,9906.48
154,67,37,3,7799.18
155,68,49,1,5552.73
156,68,33,2,8929.75
157,69,29,3,5313.95
158,70,30,3,7443.91
159,71,50,2,7401.49
160,71,33,2,8842.21
161,71,45,2,2383.43
162,72,35,2,2904.71
163,72,46,2,1194.93
164,72,24,3,2268.35
165,72,49,2,6518.43
166,73,21,1,6062.85
167,73,46,1,1108.7
168,73,8,3,4289.85
169,74,44,3,5138.41
170,74,1,2,5047.7
171,74,21,1,5882.76
172,75,20,3,2337.55
173,75,36,3,6080.9
174,75,33,3,8929.75
175,76,46,2,1330.44
176,77,47,2,5124.35
177,77,46,1,1293.48
178,77,26,3,2056.53
179,78,6,3,3550.79
180,79,25,3,7666.9
181,79,19,1,3512.17
182,80,4,3,4947.24
183,80,48,3,3214.19
184,80,2,3,4020.16
185,81,35,3,2697.23
186,81,25,2,7742.81
187,82,46,1,1145.66
188,82,45,2,2723.92
189,83,28,1,3870.2
190,83,32,3,8109.28
191,83,18,1,8399.22
192,84,5,1,10197.85
193,84,38,2,5282.37
194,84,21,1,6062.85
195,84,24,3,2290.59
196,85,13,2,278.71
197,85,44,3,5709.34
198,85,17,3,2587.58
199,86,50,1,7105.43
200,86,44,2,5595.15
201,86,39,3,718.45
202,86,30,3,6811.88
203,87,20,1,2337.55
204,87,2,1,3325.77
205,87,5,1,9712.24
206,87,3,2,1453.81
207,88,3,3,1302.94
208,88,39,1,666.2
209,88,47,2,5373.11
210,88,38,1,5696.67
211,89,49,1,6518.43
212,89,46,2,1355.08
213,90,3,1,1330.37
214,91,26,3,1883.55
215,91,47,3,4776.1
216,91,14,3,2307.15
217,92,44,1,5480.97
218,93,22,1,10281.29
219,93,43,1,718.74
220,93,21,1,5882.76
221,93,14,1,2350.68
222,94,38,1,5385.94
223,95,5,2,10586.34
224,95,50,3,7771.56
225,95,10,2,7582.28
226,95,41,2,8823.6
227,96,1,3,4889.96
228,97,18,2,8636.93
229,98,24,2,2201.63
230,98,32,3,7873.09
231,98,17,2,2668.45
232,98,26,1,2018.09
233,99,35,1,2756.51
234,99,2,1,3398.86
235,99,45,3,2750.11
236,100,32,3,7873.09
237,100,30,2,6460.76
238,101,22,3,10479.01
239,101,38,3,5593.09
240,101,9,3,5441.3
241,102,13,3,243.87
242,102,24,1,2179.39
243,102,32,1,7321.97
244,103,18,2,8557.69
245,103,37,3,7721.96
246,104,17,2,2506.72
247,104,49,1,6518.43
248,105,32,2,7400.7
249,105,29,2,5070.19
250,106,46,3,1330.44
251,106,15,3,1946.15
252,106,24,3,2246.11
253,107,40,3,518.76
254,107,22,3,9391.57
255,108,42,2,6984.02
256,108,41,2,10018.46
257,109,10,2,6880.22
258,109,6,2,3192.46
259,109,2,1,3618.14
260,109,30,3,6601.21
261,110,29,3,4631.42
262,110,15,3,2202.79
263,110,37,1,8108.06
264,111,15,2,2266.95
265,111,1,1,5783.82
266,112,19,1,3793.14
267,112,27,1,5922.12
268,113,39,2,653.14
269,113,40,3,627.08
270,114,43,3,768.55
271,114,26,2,1768.23
272,115,21,2,6483.05
273,115,48,1,3339.01
274,116,22,1,10380.15
275,117,14,2,2220.09
276,118,11,1,545.97
277,119,17,3,2776.26
278,119,47,3,5074.6
279,120,21,3,5642.65
280,121,7,1,7505.01
281,122,5,2,10003.61
282,122,43,2,740.08
283,123,35,1,2756.51
284,123,24,1,2201.63
285,124,31,3,5836.57
286,125,1,3,4995.12
287,125,5,3,9323.75
288,125,9,3,5290.15
289,125,42,3,7560.02
290,126,16,1,5642.33
291,127,20,3,2536.49
292,127,16,1,6132.97
293,128,36,3,5132.51
294,128,45,1,2566.77
295,128,9,1,5139.0
296,128,46,1,1305.8
297,129,24,2,2045.96
298,129,36,1,5523.02
299,130,15,2,2331.11
300,130,41,3,9834.64
301,130,21,3,5642.65
302,131,4,1,4947.24
303,132,33,2,9542.58
304,132,5,1,8838.14
305,133,2,3,3508.5
306,134,12,3,5061.63
307,134,11,3,525.93
308,134,7,3,6842.8
309,134,32,1,7164.51
310,135,42,1,7632.02
311,135,5,1,8741.02
312,136,7,1,7946.48
313,136,10,1,7301.46
314,136,5,1,10294.97
315,137,21,1,6002.82
316,137,42,2,7200.02
317,138,49,1,5673.45
318,138,21,2,6062.85
319,138,32,2,7558.17
320,138,46,2,1293.48
321,139,2,1,3581.6
322,139,38,1,5230.58
323,139,47,1,4626.84
324,140,45,3,2750.11
325,141,34,3,7564.49
326,141,33,1,9192.39
327,141,49,1,6578.78
328,141,35,3,3141.83
329,142,3,1,1426.38
330,142,15,1,2309.72
331,142,12,1,4803.38
332,142,44,3,5766.43
333,143,7,2,7431.43
334,143,24,1,2312.82
335,144,13,1,286.75
336,144,8,3,4432.85
337,144,22,2,9193.85
338,144,37,2,7335.86
339,145,24,2,2424.02
340,145,10,1,7231.25
341,145,31,3,6262.15
342,146,28,2,3993.71
343,146,27,3,5860.43
344,147,27,1,6724.07
345,147,18,3,8399.22
346,148,32,2,8030.55
347,148,25,3,7666.9
348,149,30,1,6741.66
349,149,35,2,3260.39
350,150,38,2,5023.43
351,150,26,1,1825.89
352,150,49,1,6035.58
353,150,45,2,2671.53
354,151,41,3,9650.81
355,151,21,2,5762.71
356,151,46,2,1281.17
357,151,6,3,3094.73
358,152,12,3,4855.03
359,152,28,2,4405.44
360,152,42,3,6768.02
361,152,20,3,2362.41
362,153,24,1,2312.82
363,153,28,2,3829.02
364,153,20,3,2387.28
365,154,32,1,7715.63
366,155,46,3,1318.12
367,155,26,1,1787.45
368,155,32,2,8502.94
369,155,16,3,6316.96
370,156,10,3,6810.01
371,156,6,2,3420.49
372,156,18,3,8399.22
373,156,37,1,7644.74
374,157,25,1,7135.53
375,158,38,3,5178.79
376,158,20,1,2710.56
377,158,7,3,6989.96
378,159,48,3,3089.36
379,159,42,1,6912.02
380,159,40,2,524.46
381,160,16,1,6316.96
382,161,40,3,564.37
383,161,27,3,5983.8
384,162,45,3,2671.53
385,163,30,2,7163.01
386,163,32,2,7636.9
387,164,49,3,6277.0
388,165,39,2,659.67
389,165,31,1,6322.95
390,165,40,2,535.87
391,166,15,2,2095.86
392,166,24,3,2335.06
393,166,12,2,4855.03
394,166,44,1,5252.59
395,167,22,3,9984.72
396,167,28,1,4281.92
397,167,35,1,3201.11
398,167,12,2,5578.12
399,168,48,1,3182.98
400,168,43,2,747.2
401,169,47,1,5124.35
402,169,24,1,2312.82
403,169,3,2,1316.66
404,169,45,1,2802.49
405,170,46,1,1194.93
406,171,25,2,7590.99
407,171,6,3,3029.58
408,172,16,2,6010.31
409,172,49,1,5733.8
410,173,35,1,3141.83
411,173,43,1,683.16
412,173,23,3,3005.6
413,174,37,2,7567.52
414,174,18,2,8636.93
415,174,13,2,276.03
416,175,38,1,4764.49
417,175,25,3,7439.17
418,175,30,3,7233.24
419,176,28,3,3787.85
420,176,18,3,8716.17
421,176,31,1,5897.37
422,176,13,3,259.95
423,177,22,3,10775.59
424,177,36,1,5969.33
425,178,37,3,7413.08
426,179,23,2,3191.52
427,179,33,2,9367.49
428,179,37,2,8030.84
429,180,15,1,2117.24
430,180,29,2,4728.92
431,180,18,2,7765.31
432,181,15,3,2202.79
433,181,46,2,1121.02
434,182,28,3,3911.37
435,182,6,1,3127.31
436,182,23,3,3191.52
437,183,29,1,4533.92
438,183,23,3,3284.47
439,184,4,1,5382.16
440,184,15,1,2053.08
441,185,42,1,7632.02
442,185,13,2,270.67
443,185,14,3,2067.73
444,186,15,3,1967.54
445,187,38,2,4971.64
446,187,30,1,7514.14
447,188,5,1,10294.97
448,188,17,1,2695.4
449,189,19,2,3266.32
450,190,1,1,5100.28
451,190,40,3,615.68
452,190,30,2,7584.36
453,190,15,1,2245.56
454,191,42,3,7488.02
455,191,11,3,515.92
456,192,27,2,5922.12
457,192,23,3,2943.63
458,192,3,3,1316.66
459,193,32,3,7951.82
460,193,10,3,6810.01
461,193,49,1,5673.45
462,194,15,3,2181.4
463,194,49,1,6578.78
464,194,8,2,4432.85
465,195,10,1,7652.49
466,195,2,2,3873.97
467,196,21,3,5642.65
468,196,28,2,4323.09
469,197,44,2,5994.81
470,197,46,1,1121.02
471,197,12,3,4906.68
472,197,9,1,4836.71
473,198,15,3,2352.49
474,198,32,3,8502.94
475,198,49,2,5613.09
476,199,17,2,2452.81
477,200,7,3,7505.01
478,201,14,2,2111.26
479,201,38,1,5178.79
480,202,15,2,2074.47
481,203,29,2,4631.42
482,203,1,1,4995.12
483,204,49,1,5552.73
484,204,10,1,7441.87
485,205,21,3,6122.88
486,205,38,2,5178.79
487,205,17,1,2776.26
488,206,44,1,5709.34
489,206,14,1,2285.39
490,207,33,3,8754.66
491,207,49,2,5733.8
492,207,10,1,7020.63
493,207,15,3,2138.63
494,208,10,2,6669.6
495,208,21,2,5522.59
496,209,35,1,2845.43
497,210,9,2,5340.53
498,210,36,3,5801.96
499,210,27,3,6785.76
500,211,24,2,2223.87
501,211,6,3,3583.37
502,212,40,3,530.17
503,212,4,2,5273.43
504,212,11,1,485.86
505,213,21,1,5642.65
506,214,14,2,2328.92
507,214,47,3,5024.85
508,214,16,2,6439.62
509,214,21,1,6423.02
510,215,24,1,2090.44
511,215,50,2,7327.48
512,215,39,3,692.33
513,216,9,3,5139.0
514,217,14,3,2176.56
515,218,8,1,4337.52
516,218,35,1,2697.23
517,219,15,1,2202.79
518,219,17,1,2884.08
519,220,42,2,7272.02
520,221,41,1,8639.77
521,222,15,3,2117.24
522,223,8,3,4575.84
523,223,6,3,3127.31
524,224,23,1,2912.65
525,224,35,3,3082.55
526,225,31,3,5897.37
527,225,12,2,5526.48
528,226,50,2,7771.56
529,226,49,3,6035.58
530,226,29,1,4972.68
531,227,24,3,2379.54
532,227,8,1,5052.49
533,227,32,1,8424.21
534,228,40,1,552.97
535,228,18,1,7606.84
536,228,50,1,7845.58
537,229,34,1,8645.14
538,229,39,3,685.8
539,229,18,2,8636.93
540,230,28,2,4240.75
541,230,30,2,7022.56
542,231,37,2,7026.98
543,231,15,2,2031.7
544,232,31,3,6566.14
545,232,20,2,2362.41
546,232,5,3,8838.14
547,232,16,3,6684.94
548,233,27,3,6353.94
549,233,29,1,4826.43
550,233,12,3,4958.33
551,233,11,3,485.86
552,234,49,3,6337.36
553,234,9,2,4534.42
554,234,29,3,5362.7
555,235,6,3,2964.43
556,235,2,3,3471.96
557,235,21,2,5462.57
558,236,29,2,4485.17
559,237,41,2,9742.73
560,237,47,2,4726.35
561,237,13,3,278.71
562,238,42,3,6624.02
563,238,36,1,5411.45
564,238,15,3,2031.7
565,239,24,1,2223.87
566,239,30,2,6601.21
567,240,41,3,9375.08
568,240,20,1,2437.01
569,240,7,3,7137.11
570,241,33,3,9367.49
571,241,48,3,3120.57
572,241,23,3,2912.65
573,242,45,1,2566.77
574,242,36,1,5746.17
575,242,39,3,711.92
576,242,13,1,246.55
577,243,36,3,5076.72
578,243,24,1,2023.72
579,244,43,1,725.85
580,244,12,2,5113.28
581,244,3,2,1426.38
582,244,17,3,2560.63
583,245,39,3,607.42
584,245,8,1,5195.49
585,245,45,1,2750.11
586,246,6,2,3127.31
587,247,47,2,4776.1
588,247,23,1,3098.56
589,247,42,1,7272.02
590,248,45,1,2671.53
591,248,22,1,10281.29
592,248,24,1,2179.39
593,248,4,1,5055.97
594,249,22,2,9490.43
595,249,14,2,2263.62
596,250,12,2,4958.33
597,250,10,1,6529.19
598,251,36,1,5299.87
599,252,32,1,7951.82
600,252,28,1,4240.75
601,252,23,2,2819.69
602,253,22,2,10577.87
603,253,25,3,7742.81
604,253,14,2,2241.86
605,254,1,2,5363.18
606,254,38,1,5541.31
607,255,36,1,5969.33
608,256,1,2,5626.08
609,256,7,3,7799.32
610,257,26,1,2075.75
611,257,43,2,761.43
612,257,5,2,10100.73
613,257,47,2,4776.1
614,258,15,1,2181.4
615,258,35,1,3141.83
616,258,34,1,9060.77
617,258,31,1,6566.14
618,259,39,1,613.95
619,260,39,1,640.08
620,261,2,1,3947.07
621,262,44,2,5366.78
622,262,16,2,6746.27
623,263,15,3,2095.86
624,263,34,3,8894.51
625,264,32,1,7321.97
626,264,1,3,5415.76
627,264,14,2,2176.56
628,264,30,3,7584.36
629,265,30,2,7022.56
630,265,20,3,2412.15
631,265,23,2,2912.65
632,265,44,3,5538.06
633,266,12,3,4906.68
634,266,6,1,2931.85
635,266,4,2,5382.16
636,267,16,2,5887.65
637,267,6,1,3355.34
638,267,3,1,1494.96
639,268,41,2,8364.04
640,268,10,2,7090.84
641,269,38,3,4919.85
642,269,32,3,8345.48
643,269,13,2,257.27
644,270,46,3,1293.48
645,270,2,3,3983.61
646,270,12,1,5216.58
647,270,36,1,6025.11
648,271,26,3,1806.67
649,271,47,2,4626.84
650,272,14,2,2176.56
651,272,38,3,5593.09
652,272,16,3,6378.29
653,273,17,2,2937.99
654,274,42,2,6696.02
655,275,21,3,5582.62
656,275,42,2,7704.02
657,275,19,2,3231.2
658,275,41,2,8547.86
659,276,38,1,5385.94
660,276,11,1,480.85
661,277,1,1,5520.92
662,277,47,1,4825.85
663,277,22,2,9490.43
664,277,43,1,775.67
665,278,50,1,7549.52
666,278,45,3,2619.15
667,279,48,3,2808.51
668,279,12,2,5578.12
669,280,43,1,747.2
670,280,5,2,9809.36
671,280,12,1,4906.68
672,281,1,2,5100.28
673,281,10,2,7090.84
674,282,25,3,7742.81
675,282,14,1,2002.44
676,282,21,1,5522.59
677,283,27,3,6045.49
678,283,8,1,4432.85
679,283,23,3,3067.57
680,283,17,1,2857.12
681,284,30,2,6320.3
682,284,50,1,6809.37
683,284,9,2,5491.68
684,285,37,1,8339.72
685,286,47,2,4825.85
686,287,31,1,6018.96
687,287,22,1,9787.0
688,287,49,2,6337.36
689,287,7,1,6989.96
690,288,44,3,5823.53
691,288,26,3,1768.23
692,289,14,1,2328.92
693,289,27,2,6353.94
694,289,38,1,5489.52
695,289,3,2,1412.67
696,290,4,2,5219.07
697,290,28,1,4323.09
698,291,37,3,8262.5
699,291,14,2,2111.26
700,291,28,3,4199.57
701,291,24,3,2068.2
702,292,22,1,8996.13
703,293,44,2,5595.15
704,293,40,2,558.67
705,294,42,1,7560.02
706,295,26,1,1768.23
707,295,3,2,1316.66
708,296,41,1,9099.34
709,296,23,1,3222.5
710,297,12,2,5268.23
711,298,35,3,3260.39
712,298,26,2,1787.45
713,298,27,3,5737.05
714,299,21,1,6242.93
715,299,30,1,6952.33
716,300,36,3,5244.08
717,300,44,1,6280.27
718,300,12,1,4803.38
719,300,30,3,6390.53
720,301,49,3,6458.07
721,301,39,3,633.55
722,301,18,3,7210.65
723,302,5,1,8935.26
724,302,38,3,5541.31
725,302,27,1,6477.31
726,302,42,3,7128.02
727,303,11,3,465.83
728,303,33,2,7879.19
729,303,44,1,5709.34
730,303,50,1,7401.49
731,304,30,3,6952.33
732,305,32,3,7321.97
733,306,34,3,8562.01
734,307,18,3,7844.55
735,307,8,2,4385.18
736,307,37,2,7876.4
737,308,28,3,4240.75
738,308,26,1,1921.99
739,308,50,1,6661.34
740,309,47,2,4726.35
741,309,31,3,6626.94
742,310,46,2,1207.25
743,310,18,1,8478.46
744,311,4,2,5436.53
745,311,23,3,3067.57
746,311,2,3,3947.07
747,312,31,2,6140.56
748,312,16,2,6255.63
749,312,18,1,8478.46
750,312,35,2,2845.43
751,313,35,1,2756.51
752,313,32,2,7715.63
753,313,41,2,9375.08
754,314,4,2,5490.9
755,314,35,3,2667.59
756,314,29,2,4680.17
757,314,19,3,3793.14
758,315,50,2,7845.58
759,316,50,3,7549.52
760,316,20,3,2437.01
761,316,2,3,3800.88
762,317,28,2,4281.92
763,317,48,1,2839.72
764,318,36,1,5411.45
765,318,10,3,7090.84
766,318,35,3,2845.43
767,318,13,3,284.07
768,319,25,3,7590.99
769,319,9,1,5189.39
770,319,44,1,5195.5
771,320,35,1,3052.91
772,321,42,1,7056.02
773,321,49,2,5975.22
774,321,29,3,4777.68
775,321,46,2,1293.48
776,322,12,1,5061.63
777,322,22,2,10577.87
778,323,15,3,2095.86
779,323,35,3,3171.47
780,323,46,3,1182.61
781,323,33,3,8141.83
782,324,24,3,2001.48
783,324,12,2,5423.18
784,325,19,3,3336.56
785,325,7,1,6695.64
786,325,2,1,3508.5
787,325,15,1,2031.7
788,326,27,2,6353.94
789,327,20,3,2511.62
790,328,38,1,4816.27
791,328,32,3,7715.63
792,329,5,3,10294.97
793,329,9,3,4735.95
794,330,40,2,598.57
795,330,3,1,1357.8
796,331,13,1,249.23
797,332,10,2,6880.22
798,332,25,1,8122.36
799,332,45,3,2828.68
800,332,21,2,6362.99
801,333,16,3,6010.31
802,334,22,3,8996.13
803,334,26,2,1825.89
804,334,23,2,3377.43
805,334,14,1,2285.39
806,335,48,3,2964.54
807,335,42,3,7488.02
808,336,1,3,5783.82
809,337,33,3,8229.38
810,337,7,2,6916.38
811,337,44,3,5937.71
812,338,48,1,3151.78
813,339,20,1,2287.81
814,339,46,3,1293.48
815,339,3,2,1330.37
816,339,9,2,4735.95
817,340,6,2,3290.19
818,341,37,2,8262.5
819,341,8,3,4432.85
820,341,23,1,3315.46
821,342,15,1,2117.24
822,343,36,1,5969.33
823,343,16,3,5581.0
824,343,41,2,9283.16
825,343,39,1,685.8
826,344,15,2,2160.02
827,344,29,2,4680.17
828,345,29,1,4631.42
829,346,33,3,8492.02
830,347,31,1,5897.37
831,347,38,1,5593.09
832,347,40,2,530.17
833,347,49,1,5673.45
834,348,35,2,2934.35
835,349,2,2,3873.97
836,349,38,3,5230.58
837,350,1,3,4942.54
838,350,41,2,8364.04
839,351,9,2,5542.06
840,352,23,1,2974.62
841,353,24,3,2157.15
842,353,12,2,5474.83
843,354,3,2,1481.24
844,354,13,2,251.91
845,355,29,2,5216.44
846,355,28,3,3870.2
847,355,38,1,5127.0
848,355,20,1,2412.15
849,356,36,1,5746.17
850,356,2,2,3764.33
851,356,39,1,646.61
852,357,33,2,8842.21
853,358,24,2,2045.96
854,358,34,1,8146.38
855,359,44,1,5823.53
856,360,16,1,6255.63
857,360,24,2,2045.96
858,361,20,3,2685.69
859,361,2,2,3691.24
860,361,40,2,598.57
861,362,42,2,7488.02
862,363,27,2,5983.8
863,364,42,1,7272.02
864,364,5,1,10489.22
865,364,19,3,3722.9
866,364,29,2,4436.41
867,365,33,1,9542.58
868,365,18,1,8161.5
869,365,43,3,761.43
870,366,35,2,3141.83
871,366,16,3,5581.0
872,366,39,1,692.33
873,366,50,3,8067.62
874,367,49,1,6035.58
875,368,22,3,10380.15
876,369,16,2,6500.95
877,369,49,1,6578.78
878,369,7,1,7431.43
879,369,42,1,7704.02
880,370,34,2,7813.87
881,371,5,1,10197.85
882,371,45,3,2723.92
883,372,7,2,6916.38
884,372,24,1,2223.87
885,373,29,3,4485.17
886,373,27,3,6353.94
887,374,45,1,2697.72
888,374,7,1,7652.16
889,374,18,2,7844.55
890,375,5,2,10392.1
891,376,40,2,552.97
892,376,13,3,289.43
893,376,22,3,8996.13
894,376,26,3,1979.65
895,377,48,1,3307.8
896,377,38,1,5334.15
897,377,30,3,6460.76
898,377,39,2,646.61
899,378,26,3,1806.67
900,378,18,1,8082.27
901,379,18,1,8636.93
902,379,44,3,5937.71
903,379,20,3,2412.15
904,379,2,1,3654.69
905,380,12,3,5578.12
906,380,34,2,8977.64
907,381,32,3,8424.21
908,381,11,1,545.97
909,382,8,1,4766.5
910,382,9,2,5239.77
911,383,5,2,8741.02
912,383,45,1,2723.92
913,384,29,1,4582.67
914,384,27,3,5860.43
915,385,15,1,2074.47
916,385,22,1,10281.29
917,385,32,2,7558.17
918,385,23,1,3005.6
919,386,16,1,6500.95
920,387,45,3,2462.0
921,387,48,1,2839.72
922,388,1,2,5258.02
923,388,17,1,2776.26
924,388,26,2,1883.55
925,388,3,3,1440.1
926,389,31,2,5714.97
927,389,37,1,8030.84
928,389,25,2,7742.81
929,389,22,2,8996.13
930,390,11,3,515.92
931,390,30,3,7373.69
932,391,12,3,4855.03
933,392,26,1,1960.43
934,392,27,1,6045.49
935,393,39,3,594.36
936,393,25,3,8274.18
937,393,7,3,7578.59
938,393,33,1,9455.03
939,394,44,1,5652.25
940,394,11,1,515.92
941,394,9,1,5491.68
942,394,38,1,5385.94
943,395,32,2,7873.09
944,396,41,3,8547.86
945,396,42,2,7200.02
946,397,17,2,2884.08
947,397,11,1,500.89
948,397,3,3,1508.67
949,397,9,2,4937.48
950,398,38,2,5696.67
951,399,27,2,6045.49
952,399,16,2,6500.95
953,399,15,2,1988.93
954,399,42,1,7632.02
955,400,4,1,5653.99
956,400,23,1,3005.6
957,400,49,2,5975.22
958,400,35,2,2726.87
959,401,26,1,2114.19
960,401,22,3,9094.99
961,402,49,3,5914.87
962,402,21,2,6182.9
963,402,50,2,7845.58
964,403,1,1,4784.8
965,403,5,2,9420.87
966,403,41,3,9558.9
967,403,20,3,2337.55
968,404,50,3,7475.5
969,405,5,1,9712.24
970,405,16,3,6684.94
971,405,23,2,3284.47
972,406,29,1,4582.67
973,406,5,3,10294.97
974,406,46,1,1145.66
975,406,40,2,598.57
976,407,22,3,10083.58
977,408,21,1,5702.68
978,408,33,2,8492.02
979,408,10,2,6318.57
980,408,37,2,7490.3
981,409,33,3,7966.74
982,409,14,3,2198.33
983,409,27,1,6662.38
984,409,2,1,3983.61
985,410,16,2,6684.94
986,411,25,1,8046.45
987,412,29,3,4875.18
988,412,13,1,243.87
989,412,1,1,5363.18
990,413,31,3,5532.58
991,413,2,3,3837.42
992,413,11,2,450.8
993,414,13,3,294.79
994,414,48,3,2870.92
995,415,13,3,243.87
996,415,17,3,2560.63
997,415,40,1,558.67
998,416,22,3,9787.0
999,416,11,3,495.88
1000,416,29,3,5265.19
1001,416,9,3,5088.62
1002,417,50,2,7919.59
1003,417,48,2,3151.78
1004,418,36,2,5188.29
1005,418,43,2,725.85
1006,418,16,3,6132.97
1007,419,29,2,4826.43
1008,419,18,1,8399.22
1009,420,13,3,281.39
1010,421,3,1,1412.67
1011,421,36,2,6080.9
1012,421,26,3,1998.87
1013,421,25,3,7970.54
1014,422,16,3,6684.94
1015,422,12,2,5319.88
1016,422,1,3,5258.02
1017,422,8,2,4480.51
1018,423,6,1,2997.0
1019,423,27,1,5860.43
1020,424,40,1,615.68
1021,425,14,2,2220.09
1022,425,8,1,4814.16
1023,426,38,2,4971.64
1024,426,13,2,251.91
1025,427,12,1,5009.98
1026,427,21,2,6122.88
1027,427,31,1,5897.37
1028,428,8,2,4575.84
1029,428,13,2,276.03
1030,428,48,1,3339.01
1031,429,49,3,6458.07
1032,429,7,3,7137.11
1033,429,1,3,5047.7
1034,430,42,2,7560.02
1035,430,36,2,5076.72
1036,430,38,2,5230.58
1037,431,47,2,5124.35
1038,431,32,1,7321.97
1039,431,11,1,460.82
1040,432,22,1,9984.72
1041,432,21,3,6543.07
1042,432,9,1,5139.0
1043,433,22,3,9292.71
1044,433,32,2,8030.55
1045,433,30,1,7584.36
1046,433,17,2,2749.31
1047,434,12,3,4751.74
1048,434,18,2,8082.27
1049,434,49,3,5432.02
1050,435,11,3,535.95
1051,435,7,2,7431.43
1052,435,13,1,276.03
1053,435,16,3,6194.3
1054,436,36,2,5634.6
1055,436,40,2,541.57
1056,436,6,3,3387.91
1057,437,11,1,520.93
1058,437,41,1,9191.25
1059,438,47,1,4477.59
1060,439,33,1,9017.3
1061,440,26,1,2114.19
1062,440,46,1,1318.12
1063,440,6,3,3192.46
1064,441,4,1,5436.53
1065,441,17,1,2911.03
1066,441,16,1,6378.29
1067,442,28,2,4281.92
1068,442,30,1,7233.24
1069,443,44,2,5309.69
1070,443,12,2,5526.48
1071,443,39,3,698.86
1072,443,37,1,7799.18
1073,444,31,2,6201.36
1074,444,4,3,5436.53
1075,444,15,3,2031.7
1076,444,17,3,2749.31
1077,445,42,3,7704.02
1078,446,31,1,5654.18
1079,446,43,1,647.57
1080,447,17,1,2479.77
1081,447,46,2,1281.17
1082,448,47,1,4527.34
1083,448,11,2,460.82
1084,448,29,3,4923.93
1085,449,39,3,653.14
1086,449,10,3,6458.98
1087,449,20,3,2660.82
1088,449,26,3,1998.87
1089,450,35,3,2934.35
1090,450,22,3,9589.28
1091,450,19,3,3266.32
1092,450,3,1,1234.37
1093,451,27,1,6415.62
1094,451,15,3,2160.02
1095,452,49,1,6337.36
1096,452,29,3,5167.69
1097,452,1,3,4889.96
1098,452,12,2,5216.58
1099,453,35,1,3141.83
1100,454,16,2,5519.67
1101,455,37,1,8108.06
1102,455,29,3,4777.68
1103,455,45,1,2566.77
1104,455,36,3,5690.39
1105,456,26,1,1921.99
1106,456,34,2,8728.26
1107,457,32,3,8660.4
1108,457,44,2,5766.43
1109,457,39,3,613.95
1110,458,38,1,4712.7
1111,458,50,3,7031.42
1112,458,29,3,4582.67
1113,459,48,2,2902.13
1114,459,1,1,5520.92
1115,460,24,3,2223.87
1116,461,48,1,2808.51
1117,461,26,2,2094.97
1118,462,31,1,6079.76
1119,462,14,2,2154.79
1120,462,36,3,6025.11
1121,462,4,2,5382.16
1122,463,15,2,2138.63
1123,463,17,1,2614.54
1124,464,31,3,6687.74
1125,464,11,2,460.82
1126,464,46,1,1231.89
1127,464,19,1,3793.14
1128,465,47,1,5074.6
1129,466,5,2,8838.14
1130,467,26,1,1749.01
1131,467,34,1,7813.87
1132,468,9,3,5239.77
1133,468,13,2,254.59
1134,469,21,3,5762.71
1135,469,36,3,6025.11
1136,470,32,2,7558.17
1137,470,31,1,6383.75
1138,471,23,3,3315.46
1139,471,16,2,5948.98
1140,471,18,3,8478.46
1141,472,30,2,7022.56
1142,473,31,3,6383.75
1143,473,41,1,8915.51
1144,474,7,3,6989.96
1145,474,29,1,5118.94
1146,475,1,3,4837.38
1147,475,35,3,2934.35
1148,476,40,1,552.97
1149,476,47,2,4925.35
1150,476,42,1,6480.02
1151,477,41,2,8455.95
1152,477,43,3,740.08
1153,477,26,2,1921.99
1154,478,45,1,2828.68
1155,478,42,2,6768.02
1156,478,32,1,7479.44
1157,478,29,1,5362.7
1158,479,26,3,2094.97
1159,479,33,2,9542.58
1160,480,38,1,5593.09
1161,480,33,1,8054.29
1162,481,3,2,1426.38
1163,482,9,3,4987.86
1164,482,35,1,2726.87
1165,482,25,2,7666.9
1166,483,28,2,4364.26
1167,484,9,1,5340.53
1168,485,7,3,7799.32
1169,485,11,1,480.85
1170,485,25,3,7590.99
1171,485,8,3,4861.83
1172,486,47,1,5223.86
1173,486,38,2,5282.37
1174,487,27,3,6785.76
1175,488,26,1,1941.21
1176,488,47,2,5273.61
1177,488,9,1,5139.0
1178,489,23,2,3005.6
1179,490,34,2,8645.14
1180,490,50,1,7401.49
1181,490,22,3,10380.15
1182,491,8,1,4623.51
1183,491,11,1,545.97
1184,491,32,1,8266.74
1185,492,19,3,3652.66
1186,492,1,1,5731.24
1187,492,26,1,1921.99
1188,493,8,3,4623.51
1189,493,16,2,6562.28
1190,493,14,1,2220.09
1191,493,3,1,1467.53
1192,494,23,3,3067.57
1193,495,31,2,5958.16
1194,495,16,1,6439.62
1195,495,18,1,8636.93
1196,495,37,3,7181.42
1197,496,19,2,3722.9
1198,496,41,2,10018.46
1199,496,4,3,5110.34
1200,497,13,2,262.63
1201,497,22,3,9292.71
1202,498,36,3,6136.69
1203,498,26,3,2075.75
1204,499,42,2,7128.02
1205,499,31,3,6201.36
1206,499,15,1,2010.31
1207,500,4,3,5382.16
1208,500,20,1,2611.09
1209,500,31,3,6383.75
1210,501,21,1,6302.96
1211,501,15,2,2053.08
1212,501,49,2,5975.22
1213,502,4,1,5110.34
1214,503,24,1,2179.39
1215,503,32,3,7558.17
1216,504,16,1,5703.66
1217,504,33,2,8141.83
1218,504,18,3,8003.03
1219,504,3,3,1412.67
1220,505,10,3,7231.25
1221,505,43,1,676.04
1222,505,45,3,2566.77
1223,505,2,1,4020.16
1224,506,37,3,7644.74
1225,506,23,1,2881.66
1226,506,31,3,5471.78
1227,506,22,3,9292.71
1228,507,29,3,4972.68
1229,508,6,2,3290.19
1230,508,21,3,6242.93
1231,509,25,2,7363.26
1232,510,11,3,480.85
1233,510,16,1,5703.66
1234,510,45,2,2723.92
1235,511,42,3,7200.02
1236,511,45,1,2854.87
1237,512,43,1,747.2
1238,512,17,2,2749.31
1239,513,36,3,5913.54
1240,513,19,1,3793.14
1241,513,26,3,1960.43
1242,514,18,3,8636.93
1243,515,12,1,4648.44
1244,515,38,3,5334.15
1245,515,32,3,7321.97
1246,516,15,1,2309.72
1247,516,7,3,7284.27
1248,517,4,3,5762.72
1249,517,10,2,7652.49
1250,517,2,3,3435.41
1251,518,38,2,5023.43
1252,518,1,3,5520.92
1253,519,24,1,2246.11
1254,519,25,1,7666.9
1255,519,44,2,5766.43
1256,519,3,3,1234.37
1257,520,30,3,7233.24
1258,520,10,1,6810.01
1259,520,3,2,1344.09
1260,520,44,3,5252.59
1261,521,2,2,3325.77
1262,522,46,2,1342.76
1263,522,35,1,2875.07
1264,523,15,2,1967.54
1265,523,1,2,4784.8
1266,523,47,1,5024.85
1267,524,20,3,2561.35
1268,524,5,2,10100.73
1269,524,19,2,3617.54
1270,524,6,1,3322.76
1271,525,27,1,5860.43
1272,525,13,3,243.87
1273,526,2,1,3764.33
1274,526,48,1,3089.36
1275,526,23,1,2850.68
1276,527,4,1,5001.61
1277,527,42,2,6840.02
1278,528,46,3,1244.21
1279,528,6,2,3322.76
1280,528,50,1,7031.42
1281,528,31,2,6140.56
1282,529,20,3,2362.41
1283,529,11,3,490.87
1284,529,48,1,3026.95
1285,530,12,3,5061.63
1286,530,10,2,6458.98
1287,530,5,1,9809.36
1288,530,47,2,4527.34
1289,531,4,1,5980.18
1290,531,34,1,9060.77
1291,531,23,2,2943.63
1292,531,40,2,535.87
1293,532,48,3,3339.01
1294,533,22,3,9688.14
1295,534,45,2,2435.81
1296,535,47,2,5422.86
1297,535,48,2,3182.98
1298,535,37,2,7953.62
1299,535,23,2,2912.65
1300,536,48,2,3182.98
1301,536,27,3,6539.0
1302,536,45,2,2383.43
1303,536,4,3,5599.63
1304,537,15,1,2074.47
1305,537,24,2,2446.26
1306,537,20,1,2611.09
1307,538,25,2,8046.45
1308,538,26,3,2056.53
1309,538,23,1,3067.57
1310,539,34,2,8811.39
1311,539,10,3,6810.01
1312,540,29,1,4533.92
1313,540,40,2,570.07
1314,540,45,3,2671.53
1315,540,3,3,1426.38
1316,541,19,2,3512.17
1317,542,23,3,2788.7
1318,542,40,2,609.97
1319,542,2,1,3764.33
1320,542,9,1,5239.77
1321,543,13,3,292.11
1322,543,24,2,2045.96
1323,544,49,3,6458.07
1324,545,38,1,5075.21
1325,545,29,1,4680.17
1326,545,33,3,8492.02
1327,546,14,3,2263.62
1328,547,36,2,5132.51
1329,548,7,1,6916.38
1330,549,37,1,7567.52
1331,550,7,1,6916.38
1332,550,9,3,4887.09
1333,550,22,2,9589.28
1334,550,27,1,6539.0
1335,551,22,1,9885.86
1336,551,49,3,6035.58
1337,552,6,2,3192.46
1338,552,3,2,1453.81
1339,553,23,3,3284.47
1340,553,3,3,1302.94
1341,554,11,3,525.93
1342,554,29,3,5216.44
1343,555,27,3,6107.18
1344,555,18,1,8003.03
1345,556,20,2,2586.22
1346,556,7,2,6989.96
1347,557,36,2,5969.33
1348,558,43,1,711.62
1349,559,20,3,2710.56
1350,559,6,1,3583.37
1351,560,16,1,6194.3
1352,560,9,3,4534.42
1353,561,40,2,592.87
1354,562,46,1,1305.8
1355,562,19,2,3231.2
1356,563,45,3,2723.92
1357,564,7,3,7652.16
1358,564,50,1,7771.56
1359,564,12,2,4803.38
1360,565,21,1,6122.88
1361,565,20,1,2412.15
1362,566,41,3,9466.99
1363,567,22,2,9292.71
1364,567,16,1,6316.96
1365,567,36,2,5913.54
1366,567,19,1,3441.93
1367,568,37,2,7335.86
1368,568,26,1,1883.55
1369,568,46,1,1219.57
1370,569,38,3,5385.94
1371,569,15,2,2224.18
1372,569,28,2,4034.89
1373,569,40,2,541.57
1374,570,6,3,3225.03
1375,570,4,1,5382.16
1376,570,37,3,7953.62
1377,571,41,3,8455.95
1378,572,46,1,1305.8
1379,572,10,3,7020.63
1380,572,7,1,7578.59
1381,572,17,3,2452.81
1382,573,16,2,6500.95
1383,573,31,2,6626.94
1384,573,4,2,4892.88
1385,574,15,2,1967.54
1386,574,45,2,2383.43
1387,575,10,3,7652.49
1388,576,35,2,3201.11
1389,576,9,2,4786.33
1390,577,9,3,4987.86
1391,577,48,1,2870.92
1392,577,27,1,5922.12
1393,578,33,1,8667.11
1394,578,6,2,3257.61
1395,578,7,2,7578.59
1396,579,12,2,5216.58
1397,579,45,3,2383.43
1398,579,3,2,1261.8
1399,579,44,2,5994.81
1400,580,39,3,613.95
1401,580,34,3,7813.87
1402,580,12,3,5164.93
1403,581,33,2,7966.74
1404,581,25,1,7515.08
1405,581,21,1,6483.05
1406,581,4,1,5055.97
1407,582,50,2,6883.39
1408,583,17,1,2452.81
1409,583,35,3,2993.63
1410,583,49,2,5673.45
1411,583,38,2,5385.94
1412,584,7,2,7063.54
1413,584,31,1,5532.58
1414,585,11,1,525.93
1415,586,26,3,2075.75
1416,586,14,1,2002.44
1417,586,1,3,5205.44
1418,586,18,3,7527.6
1419,587,5,3,9712.24
1420,587,27,2,5613.67
1421,587,45,2,2435.81
1422,588,1,2,5047.7
1423,589,15,3,1924.77
1424,590,12,2,5061.63
1425,591,39,3,620.48
1426,591,4,1,5219.07
1427,592,47,1,4825.85
1428,592,24,3,2424.02
1429,593,16,2,6378.29
1430,593,17,3,2937.99
1431,594,46,3,1281.17
1432,595,35,3,2963.99
1433,595,2,2,3545.05
1434,595,13,2,292.11
1435,595,9,3,5139.0
1436,596,30,1,6741.66
1437,596,42,2,7704.02
1438,596,24,2,2424.02
1439,596,41,2,9650.81
1440,597,45,1,2514.38
1441,597,16,3,6010.31
1442,597,35,3,2934.35
1443,597,38,1,5437.73
1444,598,30,1,7654.59
1445,598,14,2,2372.45
1446,598,5,1,10197.85
1447,598,50,3,7401.49
1448,599,42,2,7632.02
1449,599,25,2,7135.53
1450,599,46,2,1133.34
1451,600,21,2,6122.88
1452,600,43,3,668.92
1453,601,43,1,668.92
1454,601,14,3,2350.68
1455,601,41,1,9007.42
1456,601,40,2,552.97
1457,602,35,1,2667.59
1458,602,13,3,251.91
1459,602,6,1,3387.91
1460,603,39,3,633.55
1461,603,26,1,1883.55
1462,604,9,3,4786.33
1463,604,32,2,8502.94
1464,604,38,2,5178.79
1465,605,31,1,6444.55
1466,605,45,1,2697.72
1467,606,20,2,2262.94
1468,606,22,3,10676.73
1469,606,14,1,1980.67
1470,606,6,1,3062.15
1471,607,50,2,7105.43
1472,607,44,1,5309.69
1473,608,14,2,2198.33
1474,608,26,2,1941.21
1475,609,5,3,9226.63
1476,610,30,2,7092.79
1477,610,2,1,3508.5
1478,611,29,2,4582.67
1479,611,36,1,5355.66
1480,611,3,3,1412.67
1481,612,20,3,2486.75
1482,612,37,3,7490.3
1483,612,21,1,5582.62
1484,613,8,3,4718.84
1485,613,6,3,3355.34
1486,613,25,2,6983.71
1487,614,18,2,7527.6
1488,614,46,3,1281.17
1489,615,7,2,7284.27
1490,615,38,2,5334.15
1491,615,12,3,5268.23
1492,616,11,1,530.94
1493,616,4,1,5599.63
1494,616,12,3,5113.28
1495,616,17,2,2479.77
1496,617,33,1,8579.57
1497,617,44,3,5652.25
1498,618,38,3,5282.37
1499,619,28,1,4364.26
1500,619,15,2,2266.95
1501,619,48,2,2964.54
1502,619,23,3,3191.52
1503,620,45,3,2750.11
1504,620,36,2,5076.72
1505,621,9,2,5189.39
1506,621,1,1,5205.44
1507,621,7,1,7431.43
1508,621,21,1,5882.76
1509,622,37,3,7413.08
1510,623,30,1,6882.11
1511,624,2,2,3618.14
1512,624,31,1,6322.95
1513,625,33,3,8404.47
1514,625,2,3,3471.96
1515,625,41,2,9283.16
1516,625,40,2,587.17
1517,626,40,3,609.97
1518,626,48,1,3151.78
1519,626,44,1,5538.06
1520,627,36,3,5411.45
1521,627,11,1,505.9
1522,628,19,3,3196.07
1523,628,31,1,6383.75
1524,628,37,3,8262.5
1525,629,21,1,5462.57
1526,629,23,1,2819.69
1527,629,13,2,265.31
1528,629,7,1,7284.27
1529,630,16,2,6194.3
1530,631,45,3,2802.49
1531,632,24,2,2290.59
1532,633,48,3,2839.72
1533,633,31,2,6201.36
1534,634,28,3,3870.2
1535,635,28,2,3911.37
1536,635,49,1,6216.65
1537,635,31,3,6140.56
1538,636,41,3,9742.73
1539,636,13,2,276.03
1540,636,45,1,2723.92
1541,637,18,3,8240.74
1542,638,40,2,558.67
1543,638,14,2,2154.79
1544,638,41,1,9191.25
1545,638,20,1,2511.62
1546,639,43,1,747.2
1547,639,27,1,5860.43
1548,640,22,3,9589.28
1549,640,39,1,640.08
1550,640,27,2,6662.38
1551,640,47,2,5024.85
1552,641,6,1,3322.76
1553,641,18,2,8478.46
1554,641,3,3,1494.96
1555,642,5,3,10683.46
1556,642,13,1,276.03
1557,643,24,1,2134.92
1558,643,42,2,7344.02
1559,643,14,3,2198.33
1560,644,5,3,8741.02
1561,644,41,2,8455.95
1562,644,23,1,3129.55
1563,644,42,1,6624.02
1564,645,14,3,2111.26
1565,645,36,3,5634.6
1566,645,41,2,9742.73
1567,645,26,2,1921.99
1568,646,7,2,7284.27
1569,646,24,3,2045.96
1570,647,14,1,2002.44
1571,647,48,3,2808.51
1572,647,37,1,8030.84
1573,647,12,1,5578.12
1574,648,3,3,1330.37
1575,649,21,3,6423.02
1576,649,12,3,4751.74
1577,649,19,3,3441.93
1578,650,50,1,7993.61
1579,650,12,3,4958.33
1580,651,1,3,5152.86
1581,651,27,3,6477.31
1582,651,41,3,9558.9
1583,651,15,2,2202.79
1584,652,42,2,7848.02
1585,652,40,1,535.87
1586,652,17,2,2668.45
1587,653,7,3,7872.9
1588,653,30,2,7654.59
1589,654,24,1,2335.06
1590,654,44,3,5252.59
1591,654,28,3,4405.44
1592,654,31,3,6140.56
1593,655,29,3,4777.68
1594,656,40,3,541.57
1595,656,23,1,3253.49
1596,657,30,2,6671.43
1597,657,26,1,2075.75
1598,657,7,2,7578.59
1599,658,34,2,8894.51
1600,659,47,1,4776.1
1601,659,41,3,9099.34
1602,659,45,2,2671.53
1603,659,29,3,4728.92
1604,660,40,3,615.68
1605,661,15,3,1946.15
1606,661,9,1,4887.09
1607,662,3,2,1398.95
1608,662,5,3,9712.24
1609,663,29,1,5362.7
1610,664,33,2,8316.93
1611,664,16,1,6194.3
1612,664,34,3,7647.62
1613,665,33,1,8141.83
1614,666,13,3,246.55
1615,666,43,1,704.5
1616,667,22,1,9490.43
1617,667,7,3,7799.32
1618,668,47,1,5024.85
1619,668,37,2,7026.98
1620,669,33,2,8404.47
1621,669,46,1,1268.85
1622,669,41,2,9375.08
1623,670,49,3,6458.07
1624,670,43,2,775.67
1625,670,11,1,480.85
1626,670,12,2,5268.23
1627,671,35,1,3141.83
1628,671,33,3,9192.39
1629,671,49,1,6337.36
1630,671,42,3,7056.02
1631,672,42,3,6480.02
1632,673,14,1,2241.86
1633,673,13,3,243.87
1634,674,36,3,5634.6
1635,674,7,3,6842.8
1636,674,14,3,2067.73
1637,675,50,2,6883.39
1638,675,14,1,2089.5
1639,675,10,3,7231.25
1640,675,5,2,9518.0
1641,676,30,1,6882.11
1642,677,25,2,8046.45
1643,677,45,3,2566.77
1644,677,44,1,5709.34
1645,678,22,3,10380.15
1646,678,37,1,7876.4
1647,679,44,1,6223.18
1648,679,7,3,7725.74
1649,679,30,3,7233.24
1650,680,3,1,1330.37
1651,680,9,1,4786.33
1652,680,5,3,10392.1
1653,680,45,2,2776.3
1654,681,20,3,2586.22
1655,682,19,3,3512.17
1656,682,35,1,2726.87
1657,682,16,2,5703.66
1658,682,38,3,5178.79
1659,683,38,3,5075.21
1660,683,31,1,6383.75
1661,683,47,1,4577.09
1662,683,1,2,5415.76
1663,684,15,2,2352.49
1664,685,16,3,6255.63
1665,686,16,1,5826.32
1666,686,18,2,7606.84
1667,686,2,3,3508.5
1668,687,21,3,6483.05
1669,688,3,1,1344.09
1670,688,19,2,3547.29
1671,689,45,3,2750.11
1672,690,5,3,9518.0
1673,690,15,3,2202.79
1674,690,10,1,6529.19
1675,690,47,2,5472.61
1676,691,30,1,7303.46
1677,691,35,1,2697.23
1678,691,5,2,10294.97
1679,691,26,3,1883.55
1680,692,22,1,9391.57
1681,692,3,2,1508.67
1682,693,18,2,7844.55
1683,693,38,2,5541.31
1684,693,28,3,3787.85
1685,694,19,3,3477.05
1686,694,28,3,4446.61
1687,695,8,2,4480.51
1688,695,46,2,1293.48
1689,695,31,3,5897.37
1690,695,40,2,598.57
1691,696,49,2,5914.87
1692,696,35,2,3112.19
1693,696,2,2,3764.33
1694,697,29,2,5070.19
1695,697,8,3,4623.51
1696,698,1,3,4889.96
1697,699,35,2,2756.51
1698,700,13,1,262.63
1699,700,43,3,668.92
1700,700,22,2,9787.0
1701,701,38,3,4868.06
1702,702,36,3,5634.6
1703,703,6,1,3355.34
1704,703,17,1,2911.03
1705,703,4,1,5490.9
1706,703,46,2,1330.44
1707,704,23,3,2881.66
1708,704,48,3,2995.75
1709,705,1,1,5363.18
1710,706,21,1,5642.65
1711,707,37,2,7104.2
1712,707,17,2,2884.08
1713,707,39,1,705.39
1714,707,28,2,3829.02
1715,708,39,1,594.36
1716,708,45,2,2592.96
1717,708,35,2,2756.51
1718,709,21,2,6362.99
1719,709,39,1,613.95
1720,710,42,1,6912.02
1721,710,49,3,6337.36
1722,711,6,2,3322.76
1723,711,12,1,5216.58
1724,712,40,2,609.97
1725,712,42,3,6480.02
1726,713,50,1,7031.42
1727,713,49,2,6156.29
1728,714,32,2,7636.9
1729,714,11,3,545.97
1730,715,7,3,7505.01
1731,716,14,2,2154.79
1732,716,33,3,8929.75
1733,716,29,3,5167.69
1734,717,31,3,6505.34
1735,718,28,1,3705.51
1736,718,24,2,2223.87
1737,718,17,3,2452.81
1738,719,29,1,5313.95
1739,719,8,2,4957.16
1740,719,46,1,1293.48
1741,719,10,2,7371.66
1742,720,40,3,558.67
1743,720,50,3,7697.55
1744,721,27,2,5737.05
1745,722,16,1,5703.66
1746,722,44,2,5766.43
1747,722,14,1,2307.15
1748,723,39,2,640.08
1749,723,4,1,5219.07
1750,723,40,1,581.47
1751,723,17,3,2803.22
1752,724,21,3,6483.05
1753,725,29,2,5216.44
1754,725,3,3,1494.96
1755,725,30,3,6811.88
1756,725,22,2,9094.99
1757,726,35,1,2756.51
1758,726,36,3,5355.66
1759,726,28,2,4364.26
1760,727,43,3,676.04
1761,727,29,1,5216.44
1762,728,40,3,570.07
1763,728,26,2,1787.45
1764,728,35,2,2993.63
1765,728,15,3,2309.72
1766,729,38,1,5385.94
1767,729,46,1,1219.57
1768,730,20,2,2561.35
1769,730,25,2,7363.26
1770,730,47,3,4975.1
1771,730,8,1,4861.83
1772,731,20,3,2660.82
1773,731,30,2,7654.59
1774,731,47,2,5472.61
1775,732,8,1,5004.82
1776,732,39,1,640.08
1777,733,4,3,5110.34
1778,733,1,1,5468.34
1779,734,21,3,5822.74
1780,734,20,3,2735.43
1781,734,40,3,587.17
1782,734,28,3,4158.4
1783,735,47,3,4626.84
1784,736,44,1,5423.87
1785,736,21,3,6182.9
1786,736,30,1,7373.69
1787,736,14,2,2067.73
1788,737,50,3,7623.53
1789,738,38,3,5541.31
1790,738,10,2,6529.19
1791,738,20,2,2312.68
1792,738,5,2,9420.87
1793,739,36,3,6025.11
1794,740,38,1,4868.06
1795,740,46,1,1318.12
1796,740,41,3,8731.69
1797,740,43,2,718.74
1798,741,8,2,5004.82
1799,741,30,2,7654.59
1800,742,14,1,2372.45
1801,742,8,2,4575.84
1802,742,1,1,5573.5
1803,743,37,1,7413.08
1804,743,32,2,7794.36
1805,743,23,3,2974.62
1806,744,30,1,7303.46
1807,744,3,1,1426.38
1808,745,5,3,9809.36
1809,745,37,2,7104.2
1810,746,9,3,4635.18
1811,747,31,2,5654.18
1812,748,34,2,8229.5
1813,749,16,1,6500.95
1814,749,15,3,2117.24
1815,749,30,1,7092.79
1816,749,8,2,4385.18
1817,750,29,2,4777.68
1818,751,29,1,4923.93
1819,751,41,3,9834.64
1820,751,42,2,6912.02
1821,751,13,1,262.63
1822,752,34,2,8146.38
1823,752,32,3,8345.48
1824,752,37,2,7490.3
1825,753,5,1,9032.38
1826,753,6,1,3550.79
1827,753,44,3,5709.34
1828,753,45,1,2828.68
1829,754,9,1,4685.56
1830,754,40,3,535.87
1831,754,5,1,10294.97
1832,755,45,3,2619.15
1833,755,37,2,8494.16
1834,755,43,3,747.2
1835,755,47,1,5373.11
1836,756,25,3,7818.72
1837,756,15,2,1988.93
1838,756,42,1,7848.02
1839,757,21,2,6423.02
1840,758,46,3,1121.02
1841,758,48,2,3151.78
1842,758,49,3,6639.14
1843,759,20,1,2387.28
1844,759,14,1,2111.26
1845,759,28,1,4034.89
1846,760,35,2,2726.87
1847,760,45,3,2409.62
1848,761,8,1,4385.18
1849,761,13,2,267.99
1850,762,19,3,3441.93
1851,762,13,2,289.43
1852,763,8,2,4718.84
1853,763,28,1,4446.61
1854,763,29,1,4728.92
1855,764,48,2,3214.19
1856,764,10,1,7020.63
1857,764,9,3,4635.18
1858,764,47,1,5273.61
1859,765,45,1,2383.43
1860,765,14,2,2111.26
1861,765,4,1,5980.18
1862,766,37,3,8185.28
1863,766,31,1,5714.97
1864,767,13,2,246.55
1865,768,33,2,9017.3
1866,768,43,1,683.16
1867,768,4,3,5599.63
1868,769,18,2,8636.93
1869,769,28,1,3993.71
1870,769,20,3,2710.56
1871,770,32,3,7715.63
1872,770,24,3,2134.92
1873,770,35,3,2875.07
1874,771,27,3,5798.74
1875,771,24,2,2223.87
1876,772,6,3,3453.07
1877,772,21,1,6062.85
1878,773,10,3,6669.6
1879,773,46,1,1281.17
1880,773,26,2,1960.43
1881,773,22,2,10874.45
1882,774,48,3,2933.34
1883,774,35,2,2726.87
1884,774,30,3,6952.33
1885,775,19,2,3477.05
1886,775,36,1,5299.87
1887,775,10,3,7231.25
1888,775,31,1,6322.95
1889,776,38,3,5489.52
1890,776,36,2,5188.29
1891,776,3,1,1344.09
1892,777,13,2,259.95
1893,777,5,2,10100.73
1894,777,21,2,5582.62
1895,778,11,3,515.92
1896,778,17,2,2830.17
1897,778,28,1,3911.37
1898,778,49,2,5975.22
1899,779,25,1,7742.81
1900,780,47,3,5323.36
1901,780,17,2,2884.08
1902,781,18,1,7289.89
1903,782,10,2,7231.25
1904,782,33,2,9279.94
1905,782,19,1,3266.32
1906,782,27,3,6168.87
1907,783,1,3,5152.86
1908,783,38,1,5282.37
1909,783,15,2,2095.86
1910,783,47,2,4825.85
1911,784,4,3,5871.45
1912,785,11,3,460.82
1913,785,27,3,5675.36
1914,786,19,2,3863.39
1915,786,8,2,4957.16
1916,786,32,2,7321.97
1917,786,14,2,2263.62
1918,787,5,2,9906.48
1919,788,1,1,5573.5
1920,788,23,1,3315.46
1921,789,7,3,6916.38
1922,789,1,3,4889.96
1923,789,25,1,7742.81
1924,790,26,2,1749.01
1925,790,20,3,2511.62
1926,790,5,1,8935.26
1927,790,39,3,613.95
1928,791,9,3,4786.33
1929,792,31,2,5836.57
1930,793,49,2,6277.0
1931,793,30,3,7514.14
1932,793,19,1,3477.05
1933,794,49,3,5432.02
1934,794,33,1,9017.3
1935,794,2,3,3398.86
1936,794,31,3,5714.97
1937,795,22,2,9589.28
1938,796,31,2,5714.97
1939,797,4,2,5382.16
1940,797,45,3,2435.81
1941,797,23,1,3377.43
1942,798,38,1,5644.88
1943,798,43,2,640.46
1944,798,47,1,4726.35
1945,798,11,1,545.97
1946,799,22,2,10775.59
1947,800,47,2,4726.35
1948,800,33,1,8579.57
1949,800,13,2,265.31
1950,801,1,1,5310.6
1951,801,15,2,1988.93
1952,802,34,2,8146.38
1953,803,6,2,3518.22
1954,803,2,1,3618.14
1955,803,5,1,9420.87
1956,804,46,1,1145.66
1957,804,1,1,4889.96
1958,805,44,1,6223.18
1959,806,19,1,3652.66
1960,807,42,1,7632.02
1961,808,23,1,3315.46
1962,809,4,2,5871.45
1963,809,46,2,1293.48
1964,809,45,1,2776.3
1965,809,2,2,3581.6
1966,810,17,1,2776.26
1967,810,32,3,7873.09
1968,810,42,1,6552.02
1969,810,31,1,6262.15
1970,811,17,1,2776.26
1971,812,20,1,2561.35
1972,812,32,3,7715.63
1973,813,24,2,2134.92
1974,813,47,1,5074.6
1975,814,39,3,679.27
1976,814,17,2,2749.31
1977,814,38,3,5334.15
1978,815,46,2,1355.08
1979,815,4,1,5653.99
1980,815,44,1,6280.27
1981,816,22,3,10083.58
1982,817,3,1,1385.24
1983,817,9,2,5189.39
1984,817,33,2,9104.85
1985,818,10,2,7371.66
1986,819,25,1,7590.99
1987,819,6,1,3062.15
1988,820,9,3,5088.62
1989,820,29,1,4972.68
1990,820,17,3,2722.35
1991,821,5,1,10489.22
1992,822,47,3,5273.61
1993,823,22,1,10380.15
1994,824,19,2,3512.17
1995,825,3,3,1275.51
1996,826,2,1,3654.69
1997,827,11,1,535.95
1998,827,32,2,7873.09
1999,828,38,3,5178.79
2000,829,12,2,5319.88
2001,829,47,3,5273.61
2002,830,13,1,281.39
2003,830,6,2,3387.91
2004,830,42,2,7128.02
2005,831,27,3,6477.31
2006,831,39,3,711.92
2007,831,44,1,6223.18
2008,832,34,3,8478.88
2009,833,24,3,2134.92
2010,834,12,1,4700.09
2011,834,7,1,7357.85
2012,835,6,2,3550.79
2013,835,24,2,2023.72
2014,836,36,2,5020.93
2015,836,32,1,7321.97
2016,836,49,1,5975.22
2017,836,48,3,2839.72
2018,837,19,2,3441.93
2019,837,8,2,5100.16
2020,837,32,2,8502.94
2021,837,37,3,7258.64
2022,838,30,3,6882.11
2023,838,15,2,2352.49
2024,838,28,1,4364.26
2025,838,41,3,8272.12
2026,839,6,3,3062.15
2027,839,3,3,1440.1
2028,839,28,3,4528.95
2029,840,8,2,5100.16
2030,840,13,3,259.95
2031,841,50,3,7179.45
2032,841,42,1,6696.02
2033,841,49,3,5914.87
2034,841,26,2,1902.77
2035,842,25,2,8046.45
2036,842,23,3,3098.56
2037,843,2,2,3947.07
2038,843,6,3,3192.46
2039,844,10,2,6458.98
2040,845,10,1,6880.22
2041,846,5,1,10489.22
2042,846,6,3,3453.07
2043,847,31,1,5593.38
2044,848,11,1,485.86
2045,849,42,3,7416.02
2046,849,24,3,2157.15
2047,850,49,1,6277.0
2048,850,44,1,6051.9
2049,850,18,3,8161.5
2050,851,25,3,6907.8
2051,851,40,1,524.46
2052,851,24,2,2179.39
2053,851,7,2,7578.59
2054,852,17,2,2479.77
2055,852,42,1,6624.02
2056,852,48,1,2933.34
2057,853,24,1,2068.2
2058,854,35,2,2786.15
2059,855,45,3,2802.49
2060,855,38,3,4971.64
2061,855,24,2,2023.72
2062,855,31,2,6018.96
2063,856,44,1,6166.09
2064,856,21,2,6362.99
2065,856,35,3,3052.91
2066,856,31,2,5775.77
2067,857,36,3,6025.11
2068,857,1,1,5573.5
2069,857,50,2,7623.53
2070,857,29,1,4631.42
2071,858,2,1,3873.97
2072,858,10,2,6669.6
2073,859,36,3,5857.75
2074,859,42,3,7344.02
2075,860,14,2,2328.92
2076,860,21,1,5522.59
2077,860,38,3,4764.49
2078,860,18,2,8557.69
2079,861,19,1,3828.27
2080,861,2,2,3545.05
2081,862,33,2,8492.02
2082,863,48,1,3089.36
2083,863,22,1,10281.29
2084,863,25,2,7211.44
2085,864,24,3,2157.15
2086,865,37,3,7026.98
2087,865,20,2,2387.28
2088,865,15,3,2117.24
2089,865,28,3,3705.51
2090,866,23,2,2850.68
2091,866,19,1,3196.07
2092,866,6,3,3387.91
2093,866,29,1,5313.95
2094,867,16,1,5764.99
2095,868,18,1,7765.31
2096,868,5,1,10392.1
2097,868,34,3,9060.77
2098,869,39,3,659.67
2099,870,13,3,292.11
2100,870,45,2,2854.87
2101,871,24,2,2045.96
2102,872,18,1,7844.55
2103,872,37,2,7721.96
2104,873,36,3,5801.96
2105,873,37,2,7335.86
2106,873,8,2,4337.52
2107,874,23,2,3315.46
2108,875,24,3,2068.2
2109,875,23,1,2819.69
2110,875,16,3,5519.67
2111,875,48,3,3401.42
2112,876,2,2,3837.42
2113,876,17,2,2749.31
2114,876,16,3,6562.28
2115,877,22,2,10577.87
2116,877,14,1,2220.09
2117,877,23,1,3036.59
2118,877,39,3,587.83
2119,878,38,2,5230.58
2120,878,44,1,5252.59
2121,878,14,3,2285.39
2122,879,35,3,2934.35
2123,879,43,1,725.85
2124,880,39,3,613.95
2125,881,31,2,5897.37
2126,881,13,1,254.59
2127,882,40,3,570.07
2128,883,11,3,475.85
2129,883,7,2,6842.8
2130,883,4,3,5871.45
2131,884,43,1,704.5
2132,885,34,3,7564.49
2133,885,35,3,2934.35
2134,885,8,2,5147.82
2135,885,1,3,5363.18
2136,886,50,1,7253.46
2137,886,19,1,3336.56
2138,886,39,3,666.2
2139,887,27,3,6539.0
2140,887,1,2,5047.7
2141,887,24,1,2335.06
2142,887,23,3,3346.44
2143,888,43,2,711.62
2144,889,21,2,6242.93
2145,889,19,3,3687.78
2146,889,46,3,1318.12
2147,890,5,2,9518.0
2148,890,15,2,2095.86
2149,890,18,3,7765.31
2150,891,10,1,6388.77
2151,891,39,1,666.2
2152,892,43,3,725.85
2153,892,7,3,8093.64
2154,893,23,2,3129.55
2155,893,8,3,5195.49
2156,893,5,1,10003.61
2157,893,34,1,7647.62
2158,894,22,3,10577.87
2159,894,36,2,5020.93
2160,895,34,3,8894.51
2161,896,13,3,254.59
2162,896,6,3,3453.07
2163,896,46,1,1318.12
2164,896,44,3,5252.59
2165,897,42,3,6912.02
2166,897,30,2,7092.79
2167,897,34,2,7564.49
2168,898,34,1,8478.88
2169,898,7,2,8020.06
2170,898,16,3,6132.97
2171,899,14,2,2372.45
2172,899,5,3,9906.48
2173,899,44,1,6108.99
2174,899,15,1,2266.95
2175,900,43,2,761.43
2176,900,33,1,8404.47
2177,900,32,2,8345.48
2178,900,40,3,564.37
2179,901,46,3,1219.57
2180,901,9,3,5088.62
2181,901,8,2,5100.16
2182,902,38,1,5437.73
2183,902,7,1,6989.96
2184,902,47,1,5422.86
2185,903,29,3,5070.19
2186,904,3,2,1371.52
2187,905,2,2,3618.14
2188,906,49,3,5613.09
2189,906,17,3,2964.94
2190,907,27,2,6724.07
2191,907,46,3,1121.02
2192,907,2,2,3764.33
2193,907,44,2,6166.09
2194,908,37,2,8339.72
2195,908,28,1,4281.92
2196,908,40,3,552.97
2197,909,22,2,10083.58
2198,909,19,2,3547.29
2199,909,13,2,254.59
2200,910,32,3,7321.97
2201,911,48,3,3089.36
2202,911,23,1,2788.7
2203,911,50,2,7993.61
2204,911,32,2,7243.24
2205,912,34,2,8894.51
2206,912,11,1,515.92
2207,912,43,3,711.62
2208,913,17,3,2911.03
2209,914,11,1,455.81
2210,914,49,1,6518.43
2211,914,50,3,7919.59
2212,915,45,1,2357.24
2213,915,5,2,10100.73
2214,915,44,3,5880.62
2215,915,7,3,7652.16
2216,916,30,3,6530.98
2217,916,12,3,5578.12
2218,916,39,3,627.01
2219,917,32,3,8109.28
2220,918,12,3,5578.12
2221,918,29,1,5313.95
2222,918,31,3,6566.14
2223,918,27,2,5551.98
2224,919,24,3,2112.68
2225,919,20,2,2461.88
2226,919,45,2,2802.49
2227,919,41,3,9926.55
2228,920,38,1,4764.49
2229,920,14,2,2307.15
2230,920,41,3,8547.86
2231,920,42,3,7272.02
2232,921,29,1,5313.95
2233,921,14,1,2154.79
2234,921,25,2,7211.44
2235,922,6,1,3127.31
2236,922,7,3,7357.85
2237,923,33,2,8229.38
2238,924,24,2,2068.2
2239,924,25,2,8198.27
2240,925,38,1,5075.21
2241,925,17,2,2425.86
2242,926,40,2,558.67
2243,927,30,3,7233.24
2244,927,33,2,8929.75
2245,927,50,2,7919.59
2246,928,12,2,4906.68
2247,928,29,3,4582.67
2248,928,41,3,9558.9
2249,929,14,1,2198.33
2250,929,4,3,5055.97
2251,930,48,3,3307.8
2252,931,10,3,7441.87
2253,931,18,2,7923.79
2254,931,46,2,1170.3
2255,931,26,3,1864.33
2256,932,8,3,5052.49
2257,933,19,1,3441.93
2258,934,19,1,3477.05
2259,934,20,1,2561.35
2260,934,8,3,4385.18
2261,934,6,1,3387.91
2262,935,32,2,7164.51
2263,935,26,2,1921.99
2264,935,8,1,4432.85
2265,936,41,3,10110.38
2266,937,11,2,510.91
2267,937,26,1,1825.89
2268,938,49,2,6578.78
2269,939,22,3,10775.59
2270,939,29,2,4582.67
2271,940,34,3,8562.01
2272,940,25,2,7590.99
2273,940,35,3,2904.71
2274,940,14,2,2111.26
2275,941,33,1,8316.93
2276,941,2,3,3471.96
2277,941,13,2,267.99
2278,942,22,2,9984.72
2279,942,38,1,4868.06
2280,942,23,3,2943.63
2281,943,4,3,5545.26
2282,943,19,3,3617.54
2283,943,8,2,4528.18
2284,944,33,1,8054.29
2285,944,22,3,10281.29
2286,945,18,3,7765.31
2287,945,15,2,2202.79
2288,945,24,1,2023.72
2289,945,32,3,8030.55
2290,946,34,1,8645.14
2291,946,19,3,3863.39
2292,946,40,1,575.77
2293,946,30,1,7373.69
2294,947,17,1,2506.72
2295,947,40,3,558.67
2296,948,35,2,2845.43
2297,948,4,2,5762.72
2298,949,45,2,2802.49
2299,949,27,3,6045.49
2300,949,49,1,5673.45
2301,950,34,1,8395.76
2302,950,48,1,2964.54
2303,951,43,1,661.81
2304,952,41,2,8364.04
2305,952,8,3,4289.85
2306,953,30,3,7373.69
2307,954,42,2,6768.02
2308,955,15,1,2010.31
2309,955,21,3,6362.99
2310,956,42,1,6624.02
2311,956,19,2,3722.9
2312,956,10,3,7512.07
2313,956,39,3,600.89
2314,957,22,1,10380.15
2315,957,44,3,5823.53
2316,957,1,1,4784.8
2317,958,6,2,3257.61
2318,958,29,2,4875.18
2319,958,14,3,2176.56
2320,958,47,1,5174.1
2321,959,1,2,5678.66
2322,960,44,1,5309.69
2323,960,10,3,7371.66
2324,960,7,2,6989.96
2325,961,7,3,7578.59
2326,961,18,1,7289.89
2327,961,27,3,5675.36
2328,962,34,3,8063.25
2329,962,18,2,8557.69
2330,963,48,1,2933.34
2331,964,42,3,7272.02
2332,964,5,2,9420.87
2333,964,39,2,653.14
2334,965,22,1,9984.72
2335,965,5,2,10489.22
2336,966,9,3,5189.39
2337,966,35,1,2815.79
2338,966,50,2,7105.43
2339,966,29,1,5118.94
2340,967,4,2,5708.36
2341,968,22,2,9094.99
2342,968,41,2,9926.55
2343,968,13,3,284.07
2344,968,47,1,4577.09
2345,969,37,2,8339.72
2346,969,15,3,2095.86
2347,970,34,2,8146.38
2348,971,41,3,9926.55
2349,971,38,1,5230.58
2350,971,3,3,1234.37
2351,972,46,3,1256.53
2352,972,34,3,7647.62
2353,972,30,3,6320.3
2354,972,11,2,515.92
2355,973,32,2,8660.4
2356,973,6,1,3420.49
2357,973,23,1,3377.43
2358,973,35,3,3023.27
2359,974,33,2,9017.3
2360,975,40,1,592.87
2361,976,21,3,6242.93
2362,976,39,3,718.45
2363,977,7,3,6989.96
2364,977,45,2,2854.87
2365,977,47,2,4825.85
2366,977,49,3,5854.51
2367,978,37,1,7721.96
2368,978,8,1,5243.15
2369,979,8,2,4480.51
2370,979,42,2,7200.02
2371,980,29,2,4631.42
2372,980,26,1,1941.21
2373,980,48,1,2902.13
2374,980,10,3,7582.28
2375,981,14,1,2307.15
2376,981,29,1,5118.94
2377,981,27,1,6045.49
2378,981,41,3,9926.55
2379,982,18,3,7527.6
2380,982,3,2,1426.38
2381,983,15,3,2095.86
2382,984,17,2,2776.26
2383,984,18,2,7210.65
2384,984,50,2,6957.4
2385,985,38,1,5334.15
2386,985,19,3,3406.8
2387,985,7,3,6695.64
2388,986,18,2,8716.17
2389,986,28,2,4528.95
2390,987,16,2,6010.31
2391,987,30,3,6952.33
2392,987,22,1,10281.29
2393,988,4,1,5980.18
2394,989,35,3,2993.63
2395,989,39,1,685.8
2396,989,30,2,6601.21
2397,989,15,2,2266.95
2398,990,10,1,7652.49
2399,991,21,1,6062.85
2400,991,12,3,5578.12
2401,991,50,1,7327.48
2402,992,36,3,5801.96
2403,992,13,1,273.35
2404,992,50,3,7845.58
2405,993,8,1,5004.82
2406,993,30,3,7584.36
2407,994,34,3,7647.62
2408,995,3,1,1316.66
2409,996,43,1,683.16
2410,997,44,2,5709.34
2411,997,48,3,3058.16
2412,997,2,3,3654.69
2413,997,12,1,5371.53
2414,998,12,2,4958.33
2415,998,36,3,5690.39
2416,998,38,1,5282.37
2417,998,21,3,6122.88
2418,999,45,1,2435.81
2419,999,30,1,7373.69
2420,999,50,2,7845.58
2421,1000,5,1,8935.26
2422,1000,41,2,8823.6
