_id,review_id,product_id,customer_id,rating,created_at,helpful_votes
68b608db90425f342a54e64f,0d15fd9d-cd8f-4217-9a8a-798b10969435,35,33,4,2025-08-08T15:58:22.000Z,14
68b608db90425f342a54e650,1ffd54d3-f576-4b8a-a2bb-a1ae80a5d402,45,85,2,2024-10-06T20:45:32.000Z,22
68b608db90425f342a54e651,c14612fd-5bfc-4ed2-ba5b-a0618af9db5e,45,65,4,2024-12-28T13:11:10.000Z,14
68b608db90425f342a54e652,c4481f23-5aa7-482f-b784-5575a6262291,13,116,1,2024-10-05T17:11:21.000Z,0
68b608db90425f342a54e653,1ffcb896-ace5-4563-b777-5494a7d0f15f,39,16,4,2024-10-10T16:34:27.000Z,21
68b608db90425f342a54e654,8bce04bc-e7fc-4249-8f25-dc0c45f2d1c0,45,1,3,2025-04-23T09:02:37.000Z,11
68b608db90425f342a54e655,897b584b-da54-4e0f-9845-1dca06cbddc7,43,126,4,2025-05-29T23:07:10.000Z,9
68b608db90425f342a54e656,b91d3223-6cdd-4ddd-947a-e18717b3984d,4,140,2,2025-08-30T07:38:24.000Z,1
68b608db90425f342a54e657,5dfd0cdc-caea-4900-b647-3736fe39414d,22,26,2,2025-03-18T18:27:07.000Z,15
68b608db90425f342a54e658,ab7b8306-727e-4491-a687-19fb32e7ed69,35,18,2,2024-12-03T06:28:23.000Z,3
68b608db90425f342a54e659,a296c432-11d4-49bb-9ebb-f3a544e52ab8,16,6,3,2025-01-26T00:35:39.000Z,15
68b608db90425f342a54e65a,377a6e08-545a-46b9-a5c2-43ff30ae939a,16,89,4,2024-12-10T21:25:37.000Z,15
68b608db90425f342a54e65b,b83f9a8c-9894-47cb-8b31-47d1710c47ee,29,37,4,2025-03-26T15:45:02.000Z,4
68b608db90425f342a54e65c,b947d886-8297-4aa0-aaa3-34566e166535,20,129,2,2025-06-29T17:46:59.000Z,22
68b608db90425f342a54e65d,5ecd554f-8f13-450f-a9ef-5b7fc9a2a1e2,6,136,2,2025-04-18T19:05:40.000Z,8
68b608db90425f342a54e65e,0cfb5310-366c-4aad-a4c8-8f667acde1f9,48,16,1,2024-10-26T14:35:53.000Z,8
68b608db90425f342a54e65f,5f9b4084-d929-4396-af49-25c359fe4f67,16,25,5,2024-09-22T13:56:15.000Z,18
68b608db90425f342a54e660,b0023828-3020-4ab1-bfc4-bc21c1cb10f3,42,87,4,2024-09-17T05:39:05.000Z,14
68b608db90425f342a54e661,16ee04e0-65bb-485d-82ac-a1a58c087dfd,28,51,5,2024-12-06T15:21:35.000Z,11
68b608db90425f342a54e662,209080d8-e834-4a82-8509-5992d855a3df,24,59,1,2025-03-13T12:34:43.000Z,10
68b608db90425f342a54e663,02a5ff19-f97c-458e-9a3a-016facd3feac,7,104,3,2025-01-30T13:31:35.000Z,8
68b608db90425f342a54e664,1b5f67b1-e50a-46d8-8d5c-edc79b9d3f8e,40,123,4,2025-07-26T14:37:33.000Z,14
68b608db90425f342a54e665,604746d5-ef4f-4b70-b3f3-bbe8536772db,17,81,5,2025-03-08T17:10:41.000Z,16
68b608db90425f342a54e666,93dd8928-3623-4c77-a15a-ded84eb67fe8,14,92,3,2025-01-23T03:15:52.000Z,1
68b608db90425f342a54e667,53d4f8b0-0a38-407d-a3c3-d4d6229c0b30,31,42,3,2025-08-28T23:50:11.000Z,17
68b608db90425f342a54e668,0bbdc516-5f5a-4573-b7d0-c794f24bbcf7,30,119,2,2025-03-31T21:35:15.000Z,20
68b608db90425f342a54e669,83b37326-a3a9-49b0-ba8d-4a0154bc2dac,33,78,1,2025-01-06T02:47:03.000Z,23
68b608db90425f342a54e66a,fd943bdd-d32f-49f5-9ebb-bb62eba36342,28,119,1,2025-07-04T10:02:33.000Z,14
68b608db90425f342a54e66b,90aba498-653e-4084-87fe-589f2ba60776,10,46,4,2024-11-16T04:44:14.000Z,10
68b608db90425f342a54e66c,fe79d003-4432-45ef-b1e3-75d1571430b3,6,27,2,2024-11-15T02:11:14.000Z,18
68b608db90425f342a54e66d,63be61fa-b40a-4cc7-b546-2ca123c3237f,43,116,3,2024-12-11T14:51:52.000Z,22
68b608db90425f342a54e66e,e2e06a49-f69b-47f3-83f1-08503ef705e4,24,64,2,2025-06-16T16:34:48.000Z,17
68b608db90425f342a54e66f,3fb957e1-d7eb-40a5-93d6-0b1e3f1e0d2a,41,70,3,2025-06-19T06:48:11.000Z,5
68b608db90425f342a54e670,a954ddc7-ddb8-4fe2-a243-210eebd8f317,24,95,2,2025-05-08T18:16:51.000Z,3
68b608db90425f342a54e671,ad6d11e0-96c5-469a-a5e8-f235c22f1326,26,118,5,2025-03-18T15:56:47.000Z,21
68b608db90425f342a54e672,dfc7c1dd-4eec-4d3a-8b97-000154077382,31,55,1,2025-03-10T20:08:45.000Z,19
68b608db90425f342a54e673,cf36405a-3a15-4635-8ed1-8694c327629f,36,122,3,2025-02-18T09:15:00.000Z,15
68b608db90425f342a54e674,a47887f9-4c41-459c-8ba8-df651f3e2f28,29,72,4,2025-01-13T12:27:28.000Z,15
68b608db90425f342a54e675,c182e243-f187-4054-8367-ac843b26a6b9,42,27,2,2024-12-11T22:58:29.000Z,4
68b608db90425f342a54e676,69fba24f-5667-49b0-af24-4b570c1dc002,1,69,3,2024-11-01T03:14:25.000Z,12
68b608db90425f342a54e677,d891c478-fd9e-4240-8f1e-ee90ea1ac486,12,79,2,2025-05-22T05:43:13.000Z,20
68b608db90425f342a54e678,9ef22cd4-8119-427b-a85f-bf8bd356cc6f,15,124,5,2025-03-01T17:49:47.000Z,0
68b608db90425f342a54e679,5120b1ee-4f21-48cf-acd6-87f7a1632f99,37,102,3,2025-08-04T17:47:01.000Z,17
68b608db90425f342a54e67a,4f14a9a0-d957-4274-8b1c-686d42c618a9,47,85,2,2024-10-28T23:51:09.000Z,10
68b608db90425f342a54e67b,9669d2e5-6c90-4348-8c87-4374886149e7,7,63,4,2025-05-12T21:26:52.000Z,23
68b608db90425f342a54e67c,fd05bc42-c954-41d7-ad50-3b5f57b50f7b,43,148,2,2025-08-24T21:35:00.000Z,12
68b608db90425f342a54e67d,f706d5cd-809c-441c-86c4-63a52b6d303c,49,127,1,2025-02-08T12:34:37.000Z,3
68b608db90425f342a54e67e,3cfdcd71-12b5-4531-9086-4b58566534d7,37,56,1,2025-04-20T06:19:02.000Z,4
68b608db90425f342a54e67f,b1342bae-69f2-4e33-a498-0c4c3e492d33,46,101,2,2025-01-02T09:35:14.000Z,24
68b608db90425f342a54e680,f744d5c4-b8ad-4df5-a566-8acf2fcccdba,18,88,1,2025-06-23T18:09:32.000Z,9
68b608db90425f342a54e681,7e33ac90-9e85-4e6d-a901-f6638446af30,34,138,2,2024-12-08T11:20:27.000Z,23
68b608db90425f342a54e682,8d3ba3ce-402c-4d68-92b0-a926ba62aaf6,5,74,5,2025-03-02T11:29:47.000Z,25
68b608db90425f342a54e683,44c21525-6da4-4cfb-8406-750430247cac,39,46,2,2025-01-22T21:26:56.000Z,18
68b608db90425f342a54e684,a8bd105d-74b1-47f3-be0a-121ea7892de7,24,38,3,2025-06-26T07:12:00.000Z,7
68b608db90425f342a54e685,91a9b33c-5d1c-455d-a20f-51f55d7e4af7,35,21,4,2025-02-16T20:47:28.000Z,0
68b608db90425f342a54e686,426b4f97-94ec-487c-80b4-4b3989d3571a,26,50,3,2025-07-15T21:40:21.000Z,21
68b608db90425f342a54e687,caf39045-d48b-4232-bb8a-c0ee1ad6fed8,26,92,1,2025-03-13T18:32:15.000Z,4
68b608db90425f342a54e688,e2394a53-45f0-46fb-9f5a-ffad129634a4,1,129,5,2025-04-29T08:49:36.000Z,10
68b608db90425f342a54e689,e920d1fb-42af-4dfa-8a59-9f695eb6ced3,49,24,2,2025-01-04T17:04:43.000Z,19
68b608db90425f342a54e68a,225dd8e6-dca4-41d2-95a5-d7f213a52ab5,48,146,3,2024-10-31T10:31:17.000Z,1
68b608db90425f342a54e68b,b18a4b43-a138-4732-ab8a-a902c56a28ed,49,101,3,2025-02-11T00:03:00.000Z,18
68b608db90425f342a54e68c,5ab7f3f2-4a1a-4345-80d2-24568a245086,29,68,5,2024-12-26T20:50:36.000Z,1
68b608db90425f342a54e68d,47d8a4da-9066-46f3-89e2-0e8129244761,3,18,2,2025-08-19T21:06:30.000Z,3
68b608db90425f342a54e68e,cad567e5-99e4-4d06-bec7-44fa4487ed01,47,65,4,2025-08-31T22:20:59.000Z,8
68b608db90425f342a54e68f,75183f7d-5eb5-4273-9390-ef275eb01fab,41,23,2,2024-11-16T02:20:54.000Z,11
68b608db90425f342a54e690,85d39983-8c67-459b-807a-463e98d877c4,44,141,2,2024-11-01T06:13:33.000Z,2
68b608db90425f342a54e691,797897e4-817d-4ff7-b97c-56082e82bfcb,36,35,3,2025-03-05T19:34:33.000Z,5
68b608db90425f342a54e692,e73c944f-55da-4571-8801-9e463b17bb10,14,138,1,2025-03-22T17:08:46.000Z,25
68b608db90425f342a54e693,8c72191c-56e6-4a95-bc70-c5bedb099739,18,89,4,2024-09-08T12:18:05.000Z,23
68b608db90425f342a54e694,4aa5a2c8-ca8d-48c4-9326-ee49de2b0696,19,54,3,2024-12-20T13:17:24.000Z,11
68b608db90425f342a54e695,a4da2bd0-81ab-44f2-8c5e-dc416e0cbef2,3,25,3,2024-09-13T03:46:09.000Z,20
68b608db90425f342a54e696,6cf10eb6-4e9b-4d05-b1c4-8d01069f8794,50,34,2,2025-04-27T11:31:42.000Z,22
68b608db90425f342a54e697,c22b28af-4222-4b3b-a50d-0271d50a2a50,18,124,2,2025-04-17T01:44:19.000Z,17
68b608db90425f342a54e698,18d21c7c-dc56-451e-aeae-67efecd8b656,15,49,4,2024-10-13T06:57:32.000Z,2
68b608db90425f342a54e699,4875dbcf-306f-456b-a334-62edf994c9ac,27,10,2,2024-10-30T14:51:53.000Z,8
68b608db90425f342a54e69a,1cc40f19-ab69-4484-99cf-f22130cec6f3,2,78,5,2024-10-22T17:20:01.000Z,18
68b608db90425f342a54e69b,2c65839d-ab11-4b4e-9084-0a7020c8389c,30,92,1,2025-03-27T01:15:10.000Z,13
68b608db90425f342a54e69c,f08cf538-6d95-4fe6-88af-abfd75d3200d,33,149,1,2025-06-24T16:19:40.000Z,24
68b608db90425f342a54e69d,f931130b-90db-46b4-9002-0f291402764e,32,33,4,2024-10-02T08:37:39.000Z,4
68b608db90425f342a54e69e,08dc8539-55bb-4263-a882-aae7ceb0ae3c,1,87,2,2024-09-15T01:33:27.000Z,25
68b608db90425f342a54e69f,c12be872-d75e-40d3-9e5c-96d9a5e2336b,21,11,3,2024-10-07T11:31:25.000Z,17
68b608db90425f342a54e6a0,4d059e25-7be8-48d8-a300-9bee29181636,9,40,2,2025-02-06T12:09:01.000Z,10
68b608db90425f342a54e6a1,7e1723a3-2aa3-4516-9425-94f0ac9a8fc1,44,3,2,2025-08-29T18:57:28.000Z,12
68b608db90425f342a54e6a2,ae1df81e-e297-419a-a467-7c72cd9f12de,24,91,5,2024-09-29T01:23:50.000Z,9
68b608db90425f342a54e6a3,e16edb0c-e037-4ee6-9f81-590aefd7260e,16,37,2,2024-09-13T12:03:56.000Z,17
68b608db90425f342a54e6a4,c542ff31-a870-4451-b340-acf9b7a568f2,45,91,1,2024-12-30T23:59:16.000Z,12
68b608db90425f342a54e6a5,da63244c-7258-4b63-8139-27be42a21e3d,24,8,4,2025-02-10T16:32:05.000Z,13
68b608db90425f342a54e6a6,658d5ed1-dd6e-48ad-9ee8-9beca83a537f,48,12,4,2025-05-07T12:53:02.000Z,3
68b608db90425f342a54e6a7,82cd7101-d502-41bd-ae54-af372e0562eb,33,39,2,2024-10-12T17:49:20.000Z,15
68b608db90425f342a54e6a8,00df37cd-a427-4f11-a39f-6d203d999b9f,42,51,5,2025-06-08T05:59:00.000Z,4
68b608db90425f342a54e6a9,4a6d7dd4-7abd-4962-a94b-f1129094bf11,41,83,5,2025-06-28T12:55:49.000Z,9
68b608db90425f342a54e6aa,6312bfc9-3330-4d3f-8758-d980d6582ed5,31,85,4,2025-06-14T11:51:00.000Z,12
68b608db90425f342a54e6ab,21b594b3-b84b-4970-a17d-40a5d651a8e4,14,112,4,2025-07-04T15:34:03.000Z,17
68b608db90425f342a54e6ac,a3817941-4a1c-4564-b39f-96d5465e10a5,49,103,1,2024-09-03T03:29:28.000Z,5
68b608db90425f342a54e6ad,010689f5-f9d5-462a-8b7e-8c49d9f4d7b8,23,66,5,2025-03-23T01:16:22.000Z,8
68b608db90425f342a54e6ae,c9d44407-6991-4cc7-8065-cd2a3d126cfe,1,9,2,2025-03-12T22:12:39.000Z,18
68b608db90425f342a54e6af,1cc3052c-9f5e-4e8b-a075-3da98ba096a0,31,80,5,2025-03-11T01:23:11.000Z,18
68b608db90425f342a54e6b0,549fd4d2-72df-4727-ae05-8a8866ad7d78,10,65,4,2025-01-15T02:00:52.000Z,0
68b608db90425f342a54e6b1,617a0194-1f4b-4893-be44-780bb6a98019,5,33,1,2025-04-27T08:33:12.000Z,19
68b608db90425f342a54e6b2,ad57c3db-eee0-4767-a62d-8340f18d6dfd,39,14,3,2025-01-01T03:54:56.000Z,15
68b608db90425f342a54e6b3,6c6ecbeb-71e0-4c63-ac2e-474f07dc85e0,17,29,1,2025-07-26T22:04:05.000Z,23
68b608db90425f342a54e6b4,bb2859c9-1c8f-407c-8019-86c5ea5ec476,27,45,3,2025-02-03T18:57:31.000Z,20
68b608db90425f342a54e6b5,50ce5994-3699-4172-8dee-2a917a517e86,12,74,4,2025-01-08T09:48:13.000Z,17
68b608db90425f342a54e6b6,3280925a-9488-4c72-a5c3-399f4b6570f9,49,45,4,2024-10-28T09:14:08.000Z,19
68b608db90425f342a54e6b7,ccc5e3ce-1499-43c9-a0e0-8b9e3fc273b2,8,96,3,2025-03-12T22:21:41.000Z,15
68b608db90425f342a54e6b8,96ac477e-0f04-4b7d-8439-5ba1b434aaac,40,118,3,2025-02-04T04:02:55.000Z,1
68b608db90425f342a54e6b9,3f9835eb-beb2-4c97-aba3-fc5a905a2d2e,45,126,2,2025-05-10T17:34:47.000Z,19
68b608db90425f342a54e6ba,d9548dc2-a435-4f5f-8949-ffd72062dab1,9,98,3,2025-08-26T05:13:24.000Z,0
68b608db90425f342a54e6bb,cfc9b1a3-e2df-49ca-b048-4215b137006f,28,92,5,2025-01-25T20:21:47.000Z,6
68b608db90425f342a54e6bc,a791d909-c132-4967-affb-b1c3fc3ad5f1,23,46,2,2024-10-25T10:24:34.000Z,18
68b608db90425f342a54e6bd,4079ecda-7dd8-4f4b-9010-420f7ef77be5,46,72,2,2024-11-27T12:36:38.000Z,11
68b608db90425f342a54e6be,6c15ae30-6592-40e8-9252-5be7a86d4066,5,66,5,2025-05-26T10:29:03.000Z,17
68b608db90425f342a54e6bf,c9086615-fefe-4a39-ae74-faef9c882e88,25,92,5,2024-11-26T11:15:03.000Z,11
68b608db90425f342a54e6c0,5cd863c7-1b03-44a8-ab7d-5fb8556eba96,18,135,1,2025-01-13T19:08:45.000Z,25
68b608db90425f342a54e6c1,88842444-1d5a-44af-a64d-c51f724854de,33,47,4,2024-12-31T11:05:24.000Z,14
68b608db90425f342a54e6c2,d4dab1ee-1920-4384-80bd-976dc4500b56,38,87,1,2025-08-29T08:43:52.000Z,1
68b608db90425f342a54e6c3,334db38b-a5a2-4063-8a5f-3cbf02f2fb0a,9,32,2,2024-09-09T04:11:49.000Z,17
68b608db90425f342a54e6c4,ab6cdf2f-3cf6-4943-95d4-6dcc83adfb42,24,5,3,2024-12-24T12:53:45.000Z,6
68b608db90425f342a54e6c5,e666db20-1cd3-4cbb-a73e-cca3e7a161aa,29,21,4,2024-10-09T01:56:06.000Z,16
68b608db90425f342a54e6c6,58f273ba-1c97-4f28-b8c8-e13238bd0e34,5,94,3,2025-01-26T10:48:47.000Z,14
68b608db90425f342a54e6c7,1022ef1a-82a6-4746-9bf6-b5bf1b8fd3db,29,110,4,2025-03-14T04:33:34.000Z,24
68b608db90425f342a54e6c8,6fb98217-c59c-41b4-b180-2f7d3b0e24cb,32,138,1,2025-06-18T23:12:19.000Z,5
68b608db90425f342a54e6c9,533212e7-e1ea-48e0-9b71-86666958e665,41,13,3,2025-07-07T05:09:55.000Z,3
68b608db90425f342a54e6ca,30de6d78-6764-4a4f-be46-d8e8b8fce60f,21,41,5,2025-05-09T12:08:34.000Z,4
68b608db90425f342a54e6cb,2a718a0e-b22c-4408-af06-406acdfa6b54,40,34,2,2025-07-15T19:57:46.000Z,22
68b608db90425f342a54e6cc,89c2abf1-aaac-46bf-8d2c-97daaa0bb373,11,128,1,2025-06-16T21:06:55.000Z,2
68b608db90425f342a54e6cd,870f3862-2831-4ddf-8912-a93cf77ae9b1,42,133,4,2024-12-03T10:44:05.000Z,14
68b608db90425f342a54e6ce,f9ad66d8-fe02-4495-9788-6a0a87024be4,32,6,1,2025-06-15T21:58:57.000Z,7
68b608db90425f342a54e6cf,d961a89f-657f-4e89-a63c-ae591693dfb0,39,125,5,2025-04-19T08:36:06.000Z,15
68b608db90425f342a54e6d0,113be12a-5f74-4e09-8cb7-7f205ad98e5f,2,45,2,2025-03-12T21:00:53.000Z,7
68b608db90425f342a54e6d1,c186add9-7878-484e-86ed-dc91fb7ebe40,43,144,1,2025-02-15T17:14:30.000Z,25
68b608db90425f342a54e6d2,5e9a7f9a-69a9-41ff-ad23-4ec3babc93cf,2,21,1,2025-08-22T01:16:08.000Z,8
68b608db90425f342a54e6d3,0f72c086-7e83-4892-9674-5cda4136f528,10,3,4,2024-11-14T10:54:06.000Z,16
68b608db90425f342a54e6d4,ca95be97-ecfe-4605-a5e0-f87fc8f94ed3,36,123,1,2024-12-26T19:59:46.000Z,21
68b608db90425f342a54e6d5,d299d58d-c9a4-44c0-8294-f3a0e0b746fa,21,142,5,2025-05-29T23:15:42.000Z,25
68b608db90425f342a54e6d6,2f47d541-3872-4493-8613-8eaf75d73b1f,19,61,4,2025-08-15T23:26:06.000Z,4
68b608db90425f342a54e6d7,9ebf93fa-9b0d-41cb-8687-1376c4e4be44,14,37,1,2025-07-23T21:37:40.000Z,16
68b608db90425f342a54e6d8,0c2b63d8-d60c-4f63-969c-66bf1b892fd0,23,125,2,2025-05-14T16:38:40.000Z,6
68b608db90425f342a54e6d9,892595da-475c-4b5b-82dc-06fb86278b1e,5,3,1,2025-05-16T07:09:47.000Z,16
68b608db90425f342a54e6da,ba35d3e7-e711-4ac9-91a8-219fc1e07e98,35,121,5,2025-07-03T14:30:46.000Z,19
68b608db90425f342a54e6db,18c98371-84af-4d2f-b440-8622f67336aa,2,140,2,2025-08-01T23:29:45.000Z,15
68b608db90425f342a54e6dc,454a115a-0c7a-4d5e-9e8b-3ffe9f7ad6df,11,113,2,2025-03-22T08:13:44.000Z,2
68b608db90425f342a54e6dd,273cbc57-4451-4394-893a-92409641a6b5,39,88,1,2025-07-20T07:04:59.000Z,10
68b608db90425f342a54e6de,e92d5aff-b338-4208-95e6-f28b70d30be2,48,11,2,2025-02-18T05:16:34.000Z,20
68b608db90425f342a54e6df,86035ad6-a260-45ef-9f98-f69d9268fbc8,29,7,2,2024-11-29T13:59:45.000Z,20
68b608db90425f342a54e6e0,7a8ff229-61a3-433e-8811-c841e10848a1,7,35,3,2025-06-15T07:38:00.000Z,7
68b608db90425f342a54e6e1,0898ce52-58d1-4d2f-b195-a9473cc5f82a,42,100,3,2025-06-30T19:27:36.000Z,12
68b608db90425f342a54e6e2,9a303977-e71a-4d13-bb3d-141a2715b29a,15,115,1,2025-05-21T12:20:43.000Z,1
68b608db90425f342a54e6e3,87d69a8e-7893-4b72-9f77-826e4170f7ec,45,148,1,2024-11-14T22:23:29.000Z,18
68b608db90425f342a54e6e4,7b5b9785-b57b-43a3-ab18-2bb4df31e41d,7,27,1,2025-07-16T11:46:29.000Z,18
68b608db90425f342a54e6e5,dbaa527a-2299-4e24-b88d-ce1aeeda99b4,32,70,3,2025-05-31T05:29:33.000Z,23
68b608db90425f342a54e6e6,aed3b39a-435c-4833-a994-d43bf45c0670,16,68,4,2025-06-11T17:17:54.000Z,7
68b608db90425f342a54e6e7,e8bb3a59-802b-4fc8-b68b-314b4907b458,27,75,4,2024-11-14T22:01:26.000Z,16
68b608db90425f342a54e6e8,02367c6c-61f4-4b8e-9aa9-7a1c7f74df6b,13,56,5,2025-05-18T10:28:06.000Z,17
68b608db90425f342a54e6e9,576ad8e9-0a62-4279-8577-a2c2292d944c,11,4,2,2025-04-24T00:26:22.000Z,5
68b608db90425f342a54e6ea,10816605-6803-4a4c-b6f2-abdd8bab2ead,50,133,1,2025-06-25T00:42:49.000Z,4
68b608db90425f342a54e6eb,be49b1fb-6a0d-4ec8-9a6a-96860a6c37d3,24,60,3,2024-11-08T21:09:52.000Z,2
68b608db90425f342a54e6ec,81edf7da-faf3-466b-9318-ce0958b3ba18,8,67,5,2025-06-19T16:53:51.000Z,2
68b608db90425f342a54e6ed,d7a7aeeb-82fe-4b4d-84d3-22c1586fd229,10,8,2,2025-01-09T07:32:02.000Z,6
68b608db90425f342a54e6ee,34cab7fc-9d99-4a1d-bf88-d43141243705,26,101,5,2024-10-31T16:02:58.000Z,13
68b608db90425f342a54e6ef,f139606c-9690-4e53-8edb-d8ff135ceecd,11,105,1,2025-02-08T21:00:28.000Z,21
68b608db90425f342a54e6f0,90ef0612-a0c8-43ad-9d28-67d13fdb2e06,29,87,1,2024-11-22T15:39:29.000Z,7
68b608db90425f342a54e6f1,a4dc8948-ab52-413b-9b6a-fafb3fd93f05,38,24,1,2025-08-25T04:21:49.000Z,11
68b608db90425f342a54e6f2,b04e64e3-911e-4e37-b4e2-ed45f78736be,7,54,2,2025-06-07T19:35:04.000Z,5
68b608db90425f342a54e6f3,9408c510-4f05-4d20-85bd-3241f69932ee,45,92,1,2024-10-07T21:31:48.000Z,16
68b608db90425f342a54e6f4,92acc950-a4a7-4ed0-aa0d-f47568a9ee05,19,25,1,2025-08-12T10:17:33.000Z,20
68b608db90425f342a54e6f5,1d5c9ea2-3245-4c19-99de-fb707ded9130,46,26,5,2024-10-01T03:56:52.000Z,10
68b608db90425f342a54e6f6,e775d7c9-06bc-49c1-bcc8-ebfa025336f7,18,14,1,2024-09-13T11:15:28.000Z,7
68b608db90425f342a54e6f7,0f7bca5a-9319-4c85-9417-7403f2006ccf,14,109,1,2024-09-25T23:50:37.000Z,2
68b608db90425f342a54e6f8,79ac1a4a-5a0b-42e8-8a6b-0d39c62010e3,24,81,3,2025-07-21T20:28:55.000Z,18
68b608db90425f342a54e6f9,682687e6-8beb-4ba7-958b-31bcce9661c0,5,126,1,2024-12-24T13:32:24.000Z,5
68b608db90425f342a54e6fa,ee9c6e5f-d305-454a-a782-8776689ac6ce,37,91,5,2024-11-05T18:43:29.000Z,13
68b608db90425f342a54e6fb,e46b32cd-9d47-4ddf-b072-08c5242a48c9,40,112,3,2024-10-20T17:12:39.000Z,1
68b608db90425f342a54e6fc,73673807-5941-4d92-ad2e-189e50179f37,24,64,2,2025-03-27T10:44:55.000Z,16
68b608db90425f342a54e6fd,1b045edf-e974-41c7-91a2-b32cde0bc701,46,102,2,2025-02-13T09:44:23.000Z,5
68b608db90425f342a54e6fe,e89ee0ba-14ad-4981-9a58-d35f6c77e33e,34,130,3,2025-02-26T14:25:38.000Z,10
68b608db90425f342a54e6ff,11265269-71d8-4241-8a84-c0ef9dd745b4,32,70,2,2025-07-19T23:24:34.000Z,13
68b608db90425f342a54e700,5bccb244-acf0-4bfb-8931-d52cb8f3338b,4,53,5,2024-09-13T08:47:41.000Z,2
68b608db90425f342a54e701,94ccad8d-d13a-4e02-9669-3c6343597ffa,27,41,3,2025-05-14T17:36:33.000Z,17
68b608db90425f342a54e702,36684e65-e0c6-4925-8783-f999fdb5c7e7,50,68,3,2025-02-22T00:27:23.000Z,19
68b608db90425f342a54e703,458f75ac-9303-4759-adee-e2dc1871b142,11,39,1,2024-11-09T06:05:04.000Z,5
68b608db90425f342a54e704,6367eb71-b48c-4d00-ae2f-eaef70aeb2d2,1,76,5,2024-10-27T20:30:05.000Z,8
68b608db90425f342a54e705,e795e607-7c69-48af-973c-b00df5cdb23b,28,95,5,2025-06-23T14:09:37.000Z,3
68b608db90425f342a54e706,31300f7d-8e77-4515-9608-c533dadee483,27,54,2,2025-02-18T19:39:09.000Z,23
68b608db90425f342a54e707,7d834ad7-626e-4d1f-ba14-61f78b7299b0,10,25,5,2025-01-22T08:12:07.000Z,19
68b608db90425f342a54e708,ddfefb1c-306a-4b80-a58e-b7413db5fc7e,38,73,5,2025-02-19T01:55:56.000Z,7
68b608db90425f342a54e709,17955a03-0951-4027-aa20-421752606d31,12,25,1,2025-08-06T06:45:56.000Z,14
68b608db90425f342a54e70a,01bfadbf-dfdd-47d5-b6b8-54cf5c10123c,1,136,3,2024-10-05T21:20:56.000Z,12
68b608db90425f342a54e70b,0e8d7a1e-c11c-4d63-b87f-f84da06eb5cf,27,143,3,2024-12-27T08:59:16.000Z,8
68b608db90425f342a54e70c,90ca5a00-ddf9-40f0-a34e-541f985b44ac,23,104,3,2024-09-23T12:45:20.000Z,16
68b608db90425f342a54e70d,ef15cb31-a320-4508-81d6-d6379722a510,18,131,3,2025-06-22T04:51:15.000Z,10
68b608db90425f342a54e70e,3643e2fb-acc5-47db-955d-e88c5db1a38d,47,120,5,2025-04-03T22:57:12.000Z,14
68b608db90425f342a54e70f,b07416e9-5446-4c5a-baa9-f77fadc55732,16,118,2,2025-05-31T06:15:53.000Z,1
68b608db90425f342a54e710,3fdc8522-7272-473b-a266-78f628524b54,29,54,3,2025-02-04T01:48:01.000Z,5
68b608db90425f342a54e711,c8debd48-5312-42c0-abe7-7cf740e6624e,35,34,4,2025-01-10T01:05:56.000Z,23
68b608db90425f342a54e712,0959692e-1a17-464f-b791-01237695cf44,39,23,1,2025-02-27T01:52:56.000Z,9
68b608db90425f342a54e713,7130a364-aa39-4521-a5da-34c011c41e7f,27,53,1,2025-01-07T05:00:15.000Z,3
68b608db90425f342a54e714,7261374b-e6d7-4d34-a468-18d7a7ccce2f,26,73,1,2025-05-05T01:17:54.000Z,11
68b608db90425f342a54e715,7e44e359-edb7-4c07-be4a-1604d5e57d77,43,26,4,2025-05-29T04:47:13.000Z,9
68b608db90425f342a54e716,8877def9-e25c-4cd0-981f-b98ce8fe6697,50,116,5,2024-10-26T06:33:23.000Z,2
68b608db90425f342a54e717,a6697c0a-d2a1-48a4-9a4c-80f98ff462b6,36,118,1,2024-11-12T05:55:53.000Z,11
68b608db90425f342a54e718,c791c7aa-5ce1-4a60-9742-9581b9deb9be,46,99,3,2024-10-08T19:51:52.000Z,22
68b608db90425f342a54e719,acbdf930-22ef-4969-8570-4a0b335c80ba,38,124,1,2024-11-13T16:31:01.000Z,4
68b608db90425f342a54e71a,ff4e58a1-6ef7-42fa-94ff-26437e8d3ecf,32,21,2,2025-06-22T04:43:03.000Z,24
68b608db90425f342a54e71b,ba8414ab-2b76-405b-8b90-00fdc9cc6eed,8,1,3,2024-10-05T20:09:52.000Z,6
68b608db90425f342a54e71c,101c4443-88aa-4e95-a162-88b9be881ba0,33,46,3,2024-12-26T07:30:06.000Z,14
68b608db90425f342a54e71d,78abd929-e20d-4c1d-b684-4e8b444d452e,14,51,2,2025-08-24T13:06:39.000Z,14
68b608db90425f342a54e71e,735f1505-6c8c-4f86-8ecb-aecd273f8304,34,73,5,2025-08-16T19:13:02.000Z,10
68b608db90425f342a54e71f,0217e9f1-9f31-44c3-a2d5-37819f213711,43,104,3,2025-06-22T05:54:50.000Z,15
68b608db90425f342a54e720,876c2879-01af-446c-a105-9d30f156e665,40,25,4,2025-03-07T02:33:43.000Z,4
68b608db90425f342a54e721,413c574e-f20f-46c2-8925-6a0c98bda414,4,109,4,2025-07-14T16:21:28.000Z,21
68b608db90425f342a54e722,6c8a82d6-e5c9-4f08-96d8-91ed2f95d4e2,13,57,3,2024-10-21T09:25:11.000Z,18
68b608db90425f342a54e723,c5746f0f-f7fa-440e-b651-cfaefebc5b83,32,116,5,2024-12-27T19:13:15.000Z,5
68b608db90425f342a54e724,83e3cd68-1ca8-44be-929b-9394037e155f,1,124,2,2025-04-22T06:19:45.000Z,18
68b608db90425f342a54e725,36e2a1fa-e742-4a8d-beca-1df707bdb871,30,121,2,2025-04-27T01:23:45.000Z,12
68b608db90425f342a54e726,dfe50c1c-eeea-4650-ac39-aee4f0c8a477,38,1,2,2025-02-20T21:23:26.000Z,18
68b608db90425f342a54e727,092a4362-7979-4685-a346-9c15251f2e40,13,18,2,2025-05-12T17:09:43.000Z,14
68b608db90425f342a54e728,579cb9b2-be33-41e9-887b-6dda91da8525,18,125,2,2024-11-22T17:57:16.000Z,6
68b608db90425f342a54e729,25a462a7-54b3-46fa-9c84-ac9e600bbaea,12,21,5,2025-07-25T06:47:17.000Z,14
68b608db90425f342a54e72a,9673b9dc-175a-48b6-b555-038871a9c395,46,43,2,2024-09-19T16:30:13.000Z,15
68b608db90425f342a54e72b,7f08cee5-6c7a-487e-9fc1-facbd649923b,2,66,3,2025-05-13T03:07:39.000Z,8
68b608db90425f342a54e72c,5e9e46dd-1009-491c-a90a-4c53d667ef43,19,120,2,2024-10-19T22:18:06.000Z,20
68b608db90425f342a54e72d,9a3376a7-ed05-4427-b0d2-52b4617e61f0,22,139,1,2024-10-10T11:33:20.000Z,3
68b608db90425f342a54e72e,ff6893a9-8d29-436d-80fa-6e0c58259c78,28,19,5,2024-10-17T03:39:04.000Z,13
68b608db90425f342a54e72f,a42ca955-0373-46f8-8cdf-47671831ee69,4,51,5,2025-04-22T15:56:56.000Z,15
68b608db90425f342a54e730,5c1dcaf4-9ee8-45e3-a028-f7bac732089a,26,25,1,2025-02-20T06:06:48.000Z,5
68b608db90425f342a54e731,a0f0976a-a4b9-4554-afdd-a2c7ec3afae4,30,78,3,2025-08-14T14:27:43.000Z,18
68b608db90425f342a54e732,7fb4f05c-e052-4100-8e9f-eebdb2dbd003,28,124,2,2025-01-12T12:45:54.000Z,22
68b608db90425f342a54e733,21c0629f-236d-45c3-afc5-cb6c9c7ed5dd,34,50,3,2025-02-14T11:20:04.000Z,20
68b608db90425f342a54e734,54095225-98cd-4b2b-845d-dd7c8511be02,39,131,1,2025-01-12T05:26:30.000Z,5
68b608db90425f342a54e735,8a494973-4b5c-4110-9f72-d6e86a62d5cd,47,2,5,2025-08-26T04:52:26.000Z,18
68b608db90425f342a54e736,fe65a3f5-e59f-40cc-8a33-0f6d928d4501,49,8,2,2024-09-05T11:26:27.000Z,19
68b608db90425f342a54e737,1e62975f-5d80-4ab4-9538-c5dfa3c0d8a0,18,130,1,2025-04-19T14:54:41.000Z,3
68b608db90425f342a54e738,435aa7e7-8664-4fd8-83e1-6742b2b7504f,48,107,3,2025-08-02T12:52:52.000Z,18
68b608db90425f342a54e739,e6b2d9ae-b45f-47ae-84f4-cdec17fb7d6f,6,29,2,2025-05-10T20:21:41.000Z,21
68b608db90425f342a54e73a,e9cc2bf7-d916-47d0-bdc1-d511748aff69,42,44,2,2025-04-24T23:24:57.000Z,14
68b608db90425f342a54e73b,c4b41d35-25f9-4332-b438-cfc7dde7493a,22,76,2,2025-06-25T10:23:19.000Z,17
68b608db90425f342a54e73c,3edbaf49-c343-4f02-94e7-26450ee5eeed,11,130,1,2025-08-21T05:51:49.000Z,16
68b608db90425f342a54e73d,b0df46ec-4ab6-45d9-ae34-c26bd7a2babc,14,128,1,2025-02-09T13:04:34.000Z,8
68b608db90425f342a54e73e,cd2ec7ac-c8ff-4852-99f0-176e881e0265,32,103,1,2025-07-26T06:03:25.000Z,25
68b608db90425f342a54e73f,69df055c-5502-4ee5-81fb-36ad9d19802d,7,103,3,2025-04-30T11:41:17.000Z,20
68b608db90425f342a54e740,ce9fbb82-632d-4e0b-a31b-235545610b14,48,88,2,2025-02-12T06:02:57.000Z,8
68b608db90425f342a54e741,4ac23a2f-90fc-4e68-b78e-4c11b15885ce,7,124,3,2025-04-16T07:23:36.000Z,22
68b608db90425f342a54e742,a36ba834-833f-4a9b-9016-f9eceed27161,32,52,5,2025-04-17T16:20:12.000Z,2
68b608db90425f342a54e743,2e551e8f-64e5-4590-9cfd-43f695674e92,47,16,5,2025-03-29T07:54:44.000Z,23
68b608db90425f342a54e744,ba8bba99-e534-4b4d-b560-3ff76f01c85f,47,129,3,2025-05-09T00:24:36.000Z,19
68b608db90425f342a54e745,eb9de42a-9dd9-4920-83e8-0d35c79c6f2a,31,88,5,2024-12-09T07:38:25.000Z,11
68b608db90425f342a54e746,438b2ebc-4c92-45ae-bbcb-c39e7bde14c7,43,19,4,2025-02-09T02:41:35.000Z,15
68b608db90425f342a54e747,e1e5391d-295a-48d5-abd1-65a54393e751,19,27,4,2024-09-09T19:26:22.000Z,24
68b608db90425f342a54e748,1a936088-cad0-4b49-8227-a2c7eafb2c27,26,7,2,2025-08-26T00:48:30.000Z,3
68b608db90425f342a54e749,8cc9ac58-7699-44b9-9a67-21f52ad0bb8c,12,71,2,2025-01-05T09:59:38.000Z,18
68b608db90425f342a54e74a,b6c02ece-18ca-4c72-9147-e41534bb1bd4,47,119,1,2025-04-18T19:16:45.000Z,24
68b608db90425f342a54e74b,7ea6b765-d031-49ea-8515-bc51e9387992,41,34,5,2025-05-12T01:03:33.000Z,25
68b608db90425f342a54e74c,38da8087-41fa-49cc-b9f8-3e9c1ef1a33a,4,20,4,2024-11-16T19:42:36.000Z,4
68b608db90425f342a54e74d,ffc9980a-e75e-4171-828f-daf8a69d266b,26,53,3,2024-11-23T03:45:35.000Z,4
68b608db90425f342a54e74e,ac080b1c-9d59-492c-a899-839cd936437b,45,4,5,2025-06-29T16:54:14.000Z,8
68b608db90425f342a54e74f,f72d43fa-b1b7-460a-9ecd-2971db09c19a,18,3,2,2025-03-21T00:30:45.000Z,16
68b608db90425f342a54e750,b7843b75-3bbf-4653-8b47-036132f76ffa,32,119,1,2025-02-09T10:33:30.000Z,0
68b608db90425f342a54e751,c3701c98-0777-4cc4-b19f-cf16555fa63b,45,73,2,2025-02-05T15:30:07.000Z,22
68b608db90425f342a54e752,de4cb85a-9f4e-4c12-8dd9-da5797306639,9,93,2,2025-01-01T06:43:59.000Z,12
68b608db90425f342a54e753,1d7171fb-4fba-4918-8c33-bedbc3f8064b,44,92,1,2025-04-02T04:06:23.000Z,6
68b608db90425f342a54e754,280c3459-f611-41a8-a8da-8c715a3a5b97,7,99,2,2025-07-12T01:27:44.000Z,2
68b608db90425f342a54e755,b2f4fd29-6d2a-460e-8f6d-e834bf76cb81,22,57,5,2024-10-01T08:31:40.000Z,6
68b608db90425f342a54e756,83b54d73-6ba2-4700-8ae2-706fda4d1d5e,45,85,1,2025-08-03T20:17:02.000Z,25
68b608db90425f342a54e757,99fb549a-ba9b-4836-a92e-ea6c3447e8b1,50,53,4,2024-12-26T10:30:26.000Z,1
68b608db90425f342a54e758,057a3001-29c0-452c-be7c-873f5563ceea,28,124,1,2024-11-08T17:41:10.000Z,24
68b608db90425f342a54e759,645228a8-9b69-4cb0-89a9-5c69849d7252,18,139,4,2025-04-27T09:36:46.000Z,12
68b608db90425f342a54e75a,15ad19e7-ac33-4226-b40c-a41ccf47f79e,13,14,4,2025-01-24T22:01:12.000Z,6
68b608db90425f342a54e75b,2b032480-5ee1-4ea9-ba0a-92c7b6064302,3,49,2,2024-12-28T09:30:05.000Z,7
68b608db90425f342a54e75c,90ef608c-16b5-49f7-96d1-b1817ad1e5a9,19,16,5,2025-06-07T19:52:32.000Z,3
68b608db90425f342a54e75d,29485f7b-2b05-4018-89c6-054b16d5526a,14,72,4,2025-08-10T02:30:45.000Z,1
68b608db90425f342a54e75e,d90fac4c-246c-4966-b459-4a3c37618b30,13,51,3,2025-05-18T16:02:53.000Z,25
68b608db90425f342a54e75f,d3f86643-b3b6-4962-9b9a-53cb091362f6,28,74,4,2025-03-16T08:22:51.000Z,20
68b608db90425f342a54e760,08b72965-c853-4e73-9798-d1ebbcd76b60,39,140,2,2024-10-17T19:09:05.000Z,7
68b608db90425f342a54e761,2fcd8abe-8d2b-4456-85e7-bb87b2b771fc,27,25,3,2025-05-06T03:05:49.000Z,3
68b608db90425f342a54e762,37948e10-b531-45d0-9ffc-863dc33a444f,41,19,5,2025-03-14T14:16:51.000Z,4
68b608db90425f342a54e763,30a4b2ae-325e-4320-8b68-e6aa1616530e,28,1,5,2024-10-05T23:58:28.000Z,9
68b608db90425f342a54e764,2d837df2-808b-41a3-8d6d-104cc043c7fb,35,15,3,2025-08-03T00:18:59.000Z,2
68b608db90425f342a54e765,c613d4f7-8a93-4ee5-8c6a-aab84dc3ee70,2,1,5,2025-03-21T17:44:48.000Z,17
68b608db90425f342a54e766,42f5fe96-a8b5-4a68-bbfe-fbabdc818f3e,13,66,4,2025-03-13T15:25:19.000Z,12
68b608db90425f342a54e767,7ec748ed-f2a5-437e-afc3-51b3138c15b0,23,20,5,2025-03-31T16:44:00.000Z,14
68b608db90425f342a54e768,6282eba0-15e8-42b2-a22d-2c3f7d49bb42,3,6,4,2025-02-26T16:30:24.000Z,15
68b608db90425f342a54e769,3cd653aa-c7d0-4c80-b7e1-13a7f9438b4c,40,136,1,2024-12-05T03:00:36.000Z,2
68b608db90425f342a54e76a,078f2b95-ca66-4460-8e27-0b82738b2a18,13,125,5,2025-07-19T09:51:21.000Z,8
68b608db90425f342a54e76b,8ac6e2db-b5a6-4bfc-98e7-c09ad94765eb,46,73,1,2025-01-24T09:36:07.000Z,13
68b608db90425f342a54e76c,3b578ae7-7015-4650-b814-01550dfe1d40,15,14,3,2025-02-13T15:03:34.000Z,2
68b608db90425f342a54e76d,d143f10b-f731-4b63-adcc-dd1f857a56ed,25,101,2,2025-03-19T02:36:21.000Z,22
68b608db90425f342a54e76e,0732defd-c05d-409f-bf25-4773263fc47b,45,149,2,2025-07-04T03:32:08.000Z,16
68b608db90425f342a54e76f,a38389c3-542a-4f1f-9695-596feaa8f2ee,21,93,2,2025-06-14T23:15:57.000Z,5
68b608db90425f342a54e770,357488fb-16c6-42a1-bff6-11f8f444adcb,32,149,1,2024-12-10T18:59:32.000Z,23
68b608db90425f342a54e771,f05d57ed-5def-4924-b4cd-7cc2def0401a,30,19,5,2025-03-29T13:06:19.000Z,17
68b608db90425f342a54e772,e165249e-bc47-40df-810f-42bb8b05ff48,16,146,4,2025-03-12T01:22:57.000Z,14
68b608db90425f342a54e773,a1831a71-c15c-4918-b64d-5625a338ac3e,41,98,2,2024-11-21T21:59:22.000Z,22
68b608db90425f342a54e774,e3ff9e85-e44a-4ad0-ad07-fcf9f3e3f5de,26,14,4,2024-09-02T22:56:28.000Z,9
68b608db90425f342a54e775,d906356f-528d-4044-b01f-138e1ab908d6,41,13,5,2025-07-29T00:39:44.000Z,9
68b608db90425f342a54e776,71046938-03c3-44ff-8a74-eba3a9b637c1,1,86,1,2025-04-06T23:05:17.000Z,4
68b608db90425f342a54e777,011814ce-fdfa-48aa-aab0-bcbc80f39f0e,5,107,5,2025-02-11T15:52:35.000Z,24
68b608db90425f342a54e778,dc53a1cc-597b-4613-8c2e-89aacc76f5d9,1,10,2,2025-07-24T03:44:46.000Z,10
68b608db90425f342a54e779,394ac9ee-3c9c-400e-8239-ee829fb2ebc8,37,97,2,2025-08-25T08:45:51.000Z,14
68b608db90425f342a54e77a,aaf2ede3-c292-4c6b-9e49-26792bdab87d,47,115,5,2025-08-15T15:50:35.000Z,0
68b608db90425f342a54e77b,7ea89404-66c7-44d0-ac92-fa1f8435772b,13,6,3,2025-01-09T03:48:40.000Z,14
68b608db90425f342a54e77c,ff4b4b57-3e3f-4902-b808-1af3a844dc63,8,34,2,2025-03-25T20:59:47.000Z,2
68b608db90425f342a54e77d,5b49443f-a2eb-4e52-8a27-16f099c519b6,17,13,4,2024-09-09T21:02:00.000Z,8
68b608db90425f342a54e77e,1c977071-6405-4666-b42c-58c5b755dc1d,27,45,3,2024-12-12T22:38:52.000Z,0
68b608db90425f342a54e77f,8df7190e-ae0d-4112-8537-09b129d55024,29,56,4,2025-01-13T02:55:06.000Z,15
68b608db90425f342a54e780,3a9f39b3-8956-4d59-9505-534ab5f75809,9,39,2,2025-03-20T20:09:57.000Z,22
68b608db90425f342a54e781,ba77c1c4-3ae5-47ae-9199-f8f7f5bfd871,49,12,5,2025-01-14T18:44:55.000Z,24
68b608db90425f342a54e782,d7cb1f25-45bb-480d-85be-48deb062be4e,3,105,4,2025-07-21T18:04:23.000Z,0
68b608db90425f342a54e783,382caab8-24fa-4c40-94c2-660af4742fce,19,75,1,2025-08-24T09:43:34.000Z,1
68b608db90425f342a54e784,b178fa62-2ae4-48cf-8f6e-ab0c91378b50,41,106,3,2025-01-12T07:59:22.000Z,9
68b608db90425f342a54e785,4d9eb3c7-a1aa-4c09-ace7-bf0953535053,38,133,1,2025-05-07T23:21:05.000Z,23
68b608db90425f342a54e786,63c51c33-082f-4748-8f49-9e67cc58b071,23,122,3,2025-01-13T14:55:36.000Z,1
68b608db90425f342a54e787,d4981846-3a9c-430d-8830-6bea5620f343,50,47,2,2025-02-19T16:01:29.000Z,23
68b608db90425f342a54e788,68095c07-61c8-449e-b9e4-c949119134c4,17,72,5,2025-08-18T20:11:19.000Z,22
68b608db90425f342a54e789,63f9446c-6cc2-48cc-a6fe-befeaf5074df,18,89,2,2025-08-27T16:57:57.000Z,3
68b608db90425f342a54e78a,f27ffe5c-79d0-4cad-8a39-ec234026e40c,31,104,2,2025-08-31T13:47:50.000Z,1
68b608db90425f342a54e78b,782c5fdd-12a7-4866-9704-ada551edaa67,28,84,2,2025-07-25T20:39:31.000Z,23
68b608db90425f342a54e78c,21c21d4d-9f7b-4ffb-bb56-d55ffad02e0b,18,14,4,2025-01-22T10:13:58.000Z,23
68b608db90425f342a54e78d,80ae6125-9a4e-40ea-b361-a3d2c4ddf151,47,129,5,2025-06-10T13:38:04.000Z,16
68b608db90425f342a54e78e,d6bb99dd-3c17-4829-abae-c36315e03c3c,36,95,2,2024-11-25T19:03:47.000Z,9
68b608db90425f342a54e78f,701bbfb3-60c9-49c5-af8f-3f2788c4ea08,49,84,3,2025-02-21T12:21:00.000Z,6
68b608db90425f342a54e790,21d19bb9-9027-4403-bfc0-b2914a498a96,49,11,4,2025-02-04T15:08:03.000Z,9
68b608db90425f342a54e791,434a4a6f-63d0-4133-82c1-2abeaa5c9b5e,4,64,4,2025-04-29T06:52:47.000Z,14
68b608db90425f342a54e792,95a02145-b50e-46fa-8157-11b85a3dedcd,24,66,2,2025-04-23T04:33:17.000Z,20
68b608db90425f342a54e793,a1c5b284-51c1-440c-83b6-c02f3bba243f,39,56,2,2025-06-26T23:16:38.000Z,14
68b608db90425f342a54e794,b98d385c-b962-435a-b208-a65a4fe59d97,5,78,2,2024-12-11T12:41:22.000Z,6
68b608db90425f342a54e795,d9938315-baff-4e66-a27e-827c1cd0d646,45,131,1,2024-09-07T03:35:14.000Z,19
68b608db90425f342a54e796,e2c85332-d92b-44c0-bf8f-3d7cbbc1d5f4,7,66,3,2024-12-15T18:38:43.000Z,4
68b608db90425f342a54e797,10bcdbaf-bacc-4f4e-9082-6f1c8c473b99,24,133,1,2024-12-01T04:19:11.000Z,24
68b608db90425f342a54e798,d5101927-cede-4c0b-a8c1-61219c8ff780,20,61,2,2025-03-16T19:18:08.000Z,25
68b608db90425f342a54e799,7654f1a0-3f70-459c-b4a4-d0966d7193b3,42,11,1,2024-09-08T00:29:59.000Z,14
68b608db90425f342a54e79a,5c04240a-9822-4ae4-bf94-521ebcd3f46d,33,11,4,2024-12-30T18:46:26.000Z,20
68b608db90425f342a54e79b,25bffe1a-8e0c-4a2b-9a1d-e657aef02d38,21,31,4,2025-01-22T22:30:06.000Z,14
68b608db90425f342a54e79c,0df98e9a-2fee-4b13-95e5-0be0eb9ab038,21,123,4,2025-07-12T02:04:03.000Z,10
68b608db90425f342a54e79d,e50332ae-3a06-4fa4-bdb7-53dd928ad615,12,83,1,2024-12-05T19:16:18.000Z,24
68b608db90425f342a54e79e,e6a99fe7-a4ae-4cca-af02-ac893bf8942b,12,22,4,2024-10-12T06:03:36.000Z,4
68b608db90425f342a54e79f,4f40d671-bdb9-4cba-9fb1-0a533752687d,44,107,1,2025-08-15T23:57:03.000Z,12
68b608db90425f342a54e7a0,d742c52e-56dc-4533-a82b-5b07fd0c3ce3,35,115,1,2025-02-11T05:25:59.000Z,11
68b608db90425f342a54e7a1,2abf6d2a-b3d6-4476-af0d-53f890f1fd7f,42,5,4,2025-05-20T23:07:10.000Z,1
68b608db90425f342a54e7a2,2d8ed068-4eca-4416-b66d-e0cca2dc5203,19,59,3,2024-12-05T01:17:42.000Z,10
68b608db90425f342a54e7a3,f313796e-da68-4418-b5b2-8741213dc7d8,38,43,4,2025-03-21T21:52:20.000Z,19
68b608db90425f342a54e7a4,7044ac79-2af6-40de-a232-d55b11499cce,17,95,2,2025-01-28T03:24:43.000Z,18
68b608db90425f342a54e7a5,5778669b-c58d-415e-be8a-8f73918b79d7,18,51,4,2024-12-06T13:55:57.000Z,17
68b608db90425f342a54e7a6,70069d18-1e0c-414d-9623-18c7a205f804,5,45,3,2024-09-29T07:02:54.000Z,9
68b608db90425f342a54e7a7,82c6d865-db93-418c-a7de-8ddb39d3b31f,20,123,2,2024-12-12T04:56:25.000Z,18
68b608db90425f342a54e7a8,3d9c9273-582c-4b82-82cb-9fb7e56b3e15,33,92,4,2024-09-27T06:43:41.000Z,20
68b608db90425f342a54e7a9,1f87a268-9114-4d4e-a10a-8fced30454a0,21,58,4,2025-04-18T20:05:58.000Z,10
68b608db90425f342a54e7aa,fa498540-ce9c-47d2-8218-6bf927cf56e6,10,146,5,2025-05-28T02:54:22.000Z,1
68b608db90425f342a54e7ab,90284ee1-79dd-441f-95ef-e3bbcceb3184,32,55,5,2025-03-01T13:23:57.000Z,24
68b608db90425f342a54e7ac,adc5b1eb-8d0d-4a2a-9881-576ca0280add,24,18,3,2024-12-15T22:57:08.000Z,7
68b608db90425f342a54e7ad,cb3f6d5d-a261-40eb-a568-47af81eda1f9,42,99,3,2025-03-09T10:21:46.000Z,24
68b608db90425f342a54e7ae,4d02439a-8932-42c4-a903-ae736bf8f2c4,12,94,3,2025-01-05T17:42:12.000Z,11
68b608db90425f342a54e7af,0004d7b8-f083-4bc3-b7ca-f086697ca5d1,11,57,2,2025-05-04T14:19:52.000Z,2
68b608db90425f342a54e7b0,eca5cd68-5f4f-4e7c-a69d-b00cc0fb0343,25,94,2,2024-10-27T16:18:34.000Z,5
68b608db90425f342a54e7b1,1a9441c8-ad1e-4ce3-9a3b-49d3a65bfd5b,45,46,5,2025-02-08T18:06:14.000Z,21
68b608db90425f342a54e7b2,65ef6835-64a1-4eff-902f-125a1239e091,34,47,5,2025-07-25T16:20:53.000Z,14
68b608db90425f342a54e7b3,93b17b3b-accc-421e-b386-a02b8169d673,38,83,2,2024-10-05T14:39:38.000Z,21
68b608db90425f342a54e7b4,409f3d0d-4e30-444c-87aa-8826e5de0c97,30,98,2,2024-10-25T17:09:02.000Z,11
68b608db90425f342a54e7b5,3b9fb5ca-9e49-40c1-baa7-3204335482a9,25,9,4,2025-05-14T23:21:56.000Z,0
68b608db90425f342a54e7b6,cc4fcee1-0a9c-4737-8801-b0c2c4f4cb78,5,77,3,2025-06-03T15:48:53.000Z,14
68b608db90425f342a54e7b7,9ffaa120-28b4-4942-ad77-8534d1133654,12,2,2,2024-10-20T03:49:58.000Z,14
68b608db90425f342a54e7b8,e835b8b8-30f3-45c3-9fcc-050350c0338a,25,132,5,2025-05-01T08:05:52.000Z,19
68b608db90425f342a54e7b9,256858e7-2745-4dd5-a904-6af02a1651ea,3,92,5,2025-03-06T04:46:13.000Z,4
68b608db90425f342a54e7ba,d3e10395-a2f9-46ed-b81d-c32fbe2dfc47,33,87,5,2025-04-06T09:14:48.000Z,13
68b608db90425f342a54e7bb,f0623983-9954-4bd9-989e-4fd160cf377b,46,126,2,2024-09-20T11:55:06.000Z,16
68b608db90425f342a54e7bc,2bdeff90-b1b1-4223-9cc5-a4aee47a2304,45,100,5,2025-06-26T03:38:27.000Z,3
68b608db90425f342a54e7bd,510c339e-d93d-4453-9e90-414ccbeed87e,17,25,4,2025-05-14T03:01:25.000Z,15
68b608db90425f342a54e7be,3b979ca7-d699-4f44-959f-f3d502178b33,18,107,5,2025-07-31T07:43:22.000Z,17
68b608db90425f342a54e7bf,2e31fbf6-6304-4b61-81ca-df3046534fe6,47,29,2,2025-08-18T20:45:54.000Z,6
68b608db90425f342a54e7c0,9cf327de-7732-414f-8ea4-b0446df92a91,47,66,3,2024-12-10T20:45:54.000Z,16
68b608db90425f342a54e7c1,780a0bb8-e5fc-44f4-b6d9-8d1309c9776b,10,13,5,2025-08-25T04:44:58.000Z,24
68b608db90425f342a54e7c2,ee9ea91d-aac3-4702-91dd-db43877f8d28,8,31,3,2024-10-06T18:15:14.000Z,9
68b608db90425f342a54e7c3,9b7c8f18-90b7-4772-b213-96d1b5a4f7ff,25,59,5,2024-11-09T14:12:02.000Z,18
68b608db90425f342a54e7c4,1150b9d7-50bf-4aa8-ad8a-9656a246e2d7,15,23,5,2025-02-16T11:12:42.000Z,15
68b608db90425f342a54e7c5,682a0596-b61a-4465-b63e-804bdcc082dc,27,119,2,2025-06-02T13:25:29.000Z,4
68b608db90425f342a54e7c6,9b5f789e-5191-4cc0-b175-33ab16107830,21,47,5,2025-08-05T03:16:57.000Z,4
68b608db90425f342a54e7c7,00c8bff6-1d99-4782-92ba-e87a8853fbd9,47,101,3,2024-10-27T03:00:26.000Z,4
68b608db90425f342a54e7c8,8a98b551-f2f1-4cd2-8dcf-591b02e55f95,37,118,5,2025-05-19T12:37:40.000Z,7
68b608db90425f342a54e7c9,af2de53f-1749-479a-88bd-b051caac39bd,48,74,2,2025-02-26T21:59:15.000Z,20
68b608db90425f342a54e7ca,72aeb020-1db1-4ce1-84ae-bb321a2fd963,23,13,1,2025-08-02T14:37:17.000Z,1
68b608db90425f342a54e7cb,43141e7c-328d-4a08-bc5a-5b291b624a92,8,127,5,2025-08-13T01:50:09.000Z,10
68b608db90425f342a54e7cc,4cb51b27-c072-4b80-8d0a-77b4d5237f72,1,25,4,2024-12-20T23:17:13.000Z,17
68b608db90425f342a54e7cd,bb608f43-06f5-409e-92f8-939e9b363a60,6,84,2,2024-12-26T13:25:17.000Z,14
68b608db90425f342a54e7ce,6057e95a-fb81-4d58-9f80-78b9932f540b,8,142,3,2025-06-19T14:33:48.000Z,10
68b608db90425f342a54e7cf,ce1f5aeb-999b-4bc2-9fb2-345ffb58263d,3,108,3,2025-09-01T21:57:08.000Z,12
68b608db90425f342a54e7d0,2cdc5a81-bd1e-4e4b-a877-c74a19c59196,24,75,2,2025-01-07T23:21:15.000Z,19
68b608db90425f342a54e7d1,e2c8528a-15ef-4fc3-a303-632b88873cb9,47,54,3,2025-07-23T11:12:18.000Z,12
68b608db90425f342a54e7d2,559d291c-7498-4a73-bbde-add1e4de1994,41,60,2,2025-05-06T21:01:13.000Z,13
68b608db90425f342a54e7d3,b1418c2c-35d2-4dde-be74-5376e74369f0,34,82,3,2025-04-21T19:59:15.000Z,1
68b608db90425f342a54e7d4,cdabd76c-ad84-4052-a039-6e1e3a4aff60,43,4,3,2025-06-14T07:46:50.000Z,6
68b608db90425f342a54e7d5,e5bf6612-10f2-4be0-a22e-65fd192e3608,1,150,3,2025-08-18T10:14:18.000Z,5
68b608db90425f342a54e7d6,cb74422c-0fbb-4902-b457-d51bad86e92b,35,73,4,2024-09-25T10:55:19.000Z,14
68b608db90425f342a54e7d7,b6f03367-f99d-4897-b3c9-ac4642ee1730,36,145,5,2025-08-18T05:22:35.000Z,5
68b608db90425f342a54e7d8,7c1b20af-0cbb-40d7-8488-b0bdd67777ba,6,149,1,2025-08-17T03:00:22.000Z,25
68b608db90425f342a54e7d9,017ceb82-5282-46c1-9b37-e5c742002c4e,7,99,4,2025-05-29T18:39:42.000Z,22
68b608db90425f342a54e7da,0877b081-8145-49cc-b78f-a2fa2579c8f5,20,42,4,2024-12-13T11:06:51.000Z,8
68b608db90425f342a54e7db,1844ee34-b6b9-48c2-a8ef-b05be559a841,16,134,4,2025-02-25T19:39:02.000Z,17
68b608db90425f342a54e7dc,e47b26da-e8aa-4df2-99a6-fb8af13668b5,13,78,2,2024-09-02T17:23:51.000Z,9
68b608db90425f342a54e7dd,50b709d7-19b2-4b5c-92bc-e685f0c5005b,50,138,1,2025-08-10T23:09:45.000Z,13
68b608db90425f342a54e7de,315db40d-cd77-407b-8278-014604dc07be,46,10,3,2024-10-18T13:57:16.000Z,6
68b608db90425f342a54e7df,e81b971f-ccb3-4721-9e97-97f32df2122b,31,112,5,2024-11-20T20:50:31.000Z,14
68b608db90425f342a54e7e0,31513328-5855-4b59-9364-a1edb07ca9f4,37,114,4,2025-04-03T14:06:36.000Z,7
68b608db90425f342a54e7e1,9a358316-9799-4476-8423-4c8a5235aa6d,45,87,2,2024-10-09T09:55:27.000Z,0
68b608db90425f342a54e7e2,cf0df006-52f9-4f5e-a523-c076c25e3485,4,81,5,2025-02-11T05:53:58.000Z,18
68b608db90425f342a54e7e3,d473b4bc-740e-4e34-9777-bf8971073316,35,124,1,2025-04-17T02:42:34.000Z,15
68b608db90425f342a54e7e4,e4a129b8-92c2-401b-a275-0f373fd9f32b,3,21,1,2025-07-26T11:08:54.000Z,20
68b608db90425f342a54e7e5,cb3184a6-6d63-4fe7-99c7-8156458be6cf,22,49,5,2025-02-14T21:12:22.000Z,9
68b608db90425f342a54e7e6,f813b8c2-8765-400e-89d6-b89084bb8609,9,143,5,2025-07-02T04:04:32.000Z,7
68b608db90425f342a54e7e7,0b179072-3318-413c-aeb1-7a80b8cb514a,10,8,2,2025-02-27T23:56:51.000Z,14
68b608db90425f342a54e7e8,bc2fd204-4c9e-4661-a4cc-bf459e16812e,27,95,3,2025-02-19T06:39:23.000Z,10
68b608db90425f342a54e7e9,dc3e63d3-6ffe-407d-a141-3674fa807258,41,31,2,2025-01-07T15:30:44.000Z,14
68b608db90425f342a54e7ea,8f78e855-e6fb-4568-af43-452107bae5d0,42,110,1,2024-09-23T10:14:43.000Z,5
68b608db90425f342a54e7eb,bef62a62-ea5a-4925-8180-28d179f975d7,33,64,1,2024-12-07T19:54:17.000Z,4
68b608db90425f342a54e7ec,44bbc9ad-788d-4e6c-bf0b-17af9712d86c,19,111,2,2025-06-07T03:52:10.000Z,3
68b608db90425f342a54e7ed,d4cf0823-2b2d-473b-862d-d63941ed220b,18,111,1,2025-01-05T20:48:00.000Z,14
68b608db90425f342a54e7ee,91d7fb0c-989a-4909-bff6-1f6508905a9e,20,42,5,2025-02-17T04:01:28.000Z,2
68b608db90425f342a54e7ef,db783de4-71ac-441c-9306-4706b056b092,31,110,5,2025-08-06T00:45:02.000Z,10
68b608db90425f342a54e7f0,2eac5c65-9931-4e94-b5d7-e9fcedac0938,30,31,1,2025-06-13T20:37:23.000Z,13
68b608db90425f342a54e7f1,7023b085-2a2c-4000-ab20-27567cb9807b,18,72,4,2025-07-23T22:08:35.000Z,12
68b608db90425f342a54e7f2,71ad9eb3-ff50-4e6b-8828-95cf09a0a9e9,26,140,2,2025-01-11T14:04:08.000Z,13
68b608db90425f342a54e7f3,677bcecd-df03-4ef7-bae7-53bff3644e26,14,7,1,2025-02-01T16:39:45.000Z,3
68b608db90425f342a54e7f4,7871575f-3e16-4b75-b613-b73cfb2392e0,14,83,4,2024-12-30T15:27:06.000Z,25
68b608db90425f342a54e7f5,c1ab172b-1826-4cd3-99a2-608ba5ba0b93,46,146,3,2025-01-10T15:45:59.000Z,20
68b608db90425f342a54e7f6,5db91280-5c9a-4f5a-86ec-5dbf7bb1e2e1,35,29,3,2025-04-19T10:02:10.000Z,21
68b608db90425f342a54e7f7,d597aa5b-b0b8-4c90-9c27-75a1a40b5927,14,149,2,2025-01-15T01:07:59.000Z,18
68b608db90425f342a54e7f8,ee64a526-9f6c-4641-9c2c-0b7c1f29a8bc,32,53,3,2025-02-19T04:32:05.000Z,11
68b608db90425f342a54e7f9,c93bb253-f78b-4971-9cc4-a1486292c516,50,33,5,2025-08-14T15:26:45.000Z,5
68b608db90425f342a54e7fa,5c715ab6-a113-4feb-910a-cfd3daefb361,28,33,5,2024-09-28T18:58:11.000Z,5
68b608db90425f342a54e7fb,dd90a3d8-ea40-4628-827e-c6efc347ef18,20,47,3,2025-06-01T13:38:38.000Z,18
68b608db90425f342a54e7fc,e78627e4-93ef-411d-b677-62b4019d2509,49,61,3,2025-07-12T12:55:57.000Z,9
68b608db90425f342a54e7fd,0146d629-c982-4b90-82de-f1aa7e1172f9,2,77,3,2025-05-30T14:32:03.000Z,8
68b608db90425f342a54e7fe,43f28291-b336-4a9b-a192-2cc518d09efa,13,52,1,2025-06-05T02:34:15.000Z,7
68b608db90425f342a54e7ff,24842fcb-c71b-4e72-b683-a28c9820f0af,11,44,1,2025-02-25T18:30:34.000Z,15
68b608db90425f342a54e800,e017f184-dd41-4b4b-b089-21479560024a,27,3,1,2024-09-09T16:50:48.000Z,0
68b608db90425f342a54e801,376e5e3d-6658-4b47-b539-7ba924cc3528,1,28,3,2025-07-12T04:27:35.000Z,2
68b608db90425f342a54e802,a5f98982-18d8-4123-9066-e09d6ef66234,29,89,3,2025-03-17T00:11:23.000Z,11
68b608db90425f342a54e803,6c78b0bf-050e-4600-9321-992f36374fbc,12,27,5,2025-08-24T00:27:59.000Z,14
68b608db90425f342a54e804,a36602c6-3afb-4ab1-a198-2116aa1dcecd,32,73,3,2025-03-30T07:20:24.000Z,18
68b608db90425f342a54e805,862c660e-703e-47e3-90c3-232147fb1804,4,149,3,2025-08-22T15:30:25.000Z,16
68b608db90425f342a54e806,c32190cb-2fe3-4d45-b966-3c1a2d28eaae,39,29,2,2025-05-01T08:07:29.000Z,7
68b608db90425f342a54e807,f8f64498-bfef-4b61-a631-a7cf092efd49,33,23,5,2025-07-19T16:50:29.000Z,6
68b608db90425f342a54e808,48cd0b69-08cb-4d93-aac2-93926f2219d8,18,9,3,2024-09-15T17:27:05.000Z,19
68b608db90425f342a54e809,0b1ea3b8-6444-48c1-8cd0-f6095c007a4e,9,122,5,2024-10-26T07:12:14.000Z,10
68b608db90425f342a54e80a,70dbd7bd-c16c-4d05-9637-84ed213c6d0d,34,7,5,2025-02-16T04:30:18.000Z,4
68b608db90425f342a54e80b,7b774818-a0e0-4116-b02b-e9bf57945e46,30,118,5,2025-05-27T02:57:27.000Z,6
68b608db90425f342a54e80c,af00c06e-e4ce-4ffd-b9a1-6a7b1224b1fc,24,57,1,2024-11-20T22:24:12.000Z,23
68b608db90425f342a54e80d,ee3eab99-85f1-4583-af0b-98910ed22255,8,11,5,2024-11-11T21:06:08.000Z,24
68b608db90425f342a54e80e,938a550c-d026-4d48-897c-73f59361712d,12,79,2,2025-08-08T14:58:25.000Z,22
68b608db90425f342a54e80f,0f5dc02d-60a3-4af8-b4fd-65495a60f1a7,19,147,4,2025-02-14T13:39:03.000Z,24
68b608db90425f342a54e810,eedfecc1-7c55-4c36-84e4-c1bf2a03b9b1,9,25,5,2024-12-30T13:42:53.000Z,5
68b608db90425f342a54e811,528fe308-916b-43d3-a213-9ca6298f7145,30,32,3,2025-04-21T18:57:43.000Z,15
68b608db90425f342a54e812,4197600e-6aaa-49ff-8137-eb320c0b0cd2,15,72,2,2025-06-25T17:36:00.000Z,1
68b608db90425f342a54e813,cedd6fa2-adb6-4f72-aab7-e58bb5993014,34,81,5,2025-01-30T09:18:41.000Z,13
68b608db90425f342a54e814,3c3757b5-3cb6-4cf0-be82-3c49b61b618a,39,120,1,2024-11-30T19:03:54.000Z,18
68b608db90425f342a54e815,707d9e89-bb3a-4d09-b653-14de7e46e691,32,95,1,2025-01-07T12:06:12.000Z,23
68b608db90425f342a54e816,28622b99-85db-4619-8dfa-442831d43b70,44,12,4,2025-02-09T04:39:16.000Z,9
68b608db90425f342a54e817,640af6c9-1e08-46b2-a1ac-fcc94497e4d8,4,1,4,2025-08-23T16:44:23.000Z,0
68b608db90425f342a54e818,c1e995f8-9807-4de7-b284-c509f8470939,31,94,2,2024-12-07T18:55:01.000Z,18
68b608db90425f342a54e819,5f638a75-632a-4fec-8a41-fd3c03428a2f,21,105,1,2025-07-22T20:53:38.000Z,13
68b608db90425f342a54e81a,bdb1cb4f-e834-4404-bbe8-dc332f430783,13,52,4,2025-05-16T05:16:50.000Z,11
68b608db90425f342a54e81b,69d3cfdb-b0db-4e18-a9b3-80eab6ed1bd6,39,34,4,2025-07-06T15:40:08.000Z,14
68b608db90425f342a54e81c,20be3330-56db-4b7f-a196-c1dd6ead8f5d,24,83,4,2025-06-01T11:41:46.000Z,13
68b608db90425f342a54e81d,81b9a126-3172-48ea-bb60-1bc4faf7e847,5,58,4,2025-06-29T03:18:35.000Z,17
68b608db90425f342a54e81e,c938d130-d315-4138-9f47-fa9d14468bcc,7,29,3,2025-05-04T16:52:32.000Z,14
68b608db90425f342a54e81f,301921a9-a330-4f69-9a5e-af90a8795bb9,30,20,4,2024-11-28T01:30:38.000Z,8
68b608db90425f342a54e820,56605288-68c6-45c0-9577-147df1260567,29,23,2,2025-05-03T06:02:11.000Z,12
68b608db90425f342a54e821,a31420ba-1859-4ed0-95d6-b62b5bd1532b,15,3,1,2025-08-21T12:22:33.000Z,2
68b608db90425f342a54e822,093fefff-eed0-40d6-9067-bd77607bd0a2,50,113,4,2024-11-24T12:25:39.000Z,0
68b608db90425f342a54e823,e4169419-18f2-43a1-9fc7-fcdc2501c2f1,34,22,3,2024-09-14T22:05:10.000Z,19
68b608db90425f342a54e824,d0de84c2-8dde-4d6c-a6d4-040f895016af,15,100,5,2024-10-25T19:55:34.000Z,1
68b608db90425f342a54e825,431261a9-5335-478d-8a81-d03f8fa8d043,29,116,2,2025-08-12T17:43:00.000Z,23
68b608db90425f342a54e826,95a0b99e-f304-4852-bfca-6713984747b6,47,11,3,2024-09-04T08:07:49.000Z,6
68b608db90425f342a54e827,baba0e3e-d8bd-4d33-8c38-d825eaae5dce,43,78,1,2025-02-03T01:27:17.000Z,19
68b608db90425f342a54e828,3baa2d9c-1ee1-484d-90b9-0526a1fdfc35,2,10,2,2025-08-08T21:50:18.000Z,7
68b608db90425f342a54e829,dd63b12b-ccd4-456f-b27c-eb3ea04938f9,34,110,5,2024-09-26T23:08:28.000Z,20
68b608db90425f342a54e82a,0d307f7c-918a-4551-a358-d932db1b6407,25,134,1,2025-08-05T07:52:05.000Z,8
68b608db90425f342a54e82b,2c0bf3ca-78af-4b16-9c17-9b412542a211,6,45,5,2024-09-27T13:22:06.000Z,2
68b608db90425f342a54e82c,bb860b75-b68a-4af5-ad50-a201c2aaa085,44,41,5,2025-07-12T22:28:23.000Z,2
68b608db90425f342a54e82d,eb50d59b-2516-45f0-88a6-f7c699543c65,48,107,3,2024-10-31T19:24:40.000Z,3
68b608db90425f342a54e82e,3ba11591-bdc6-4a07-ad5e-77d33b9ae4a8,1,97,5,2024-10-18T23:28:10.000Z,15
68b608db90425f342a54e82f,b6b235a3-a914-4927-92e3-bf18ff6f9667,49,134,1,2024-12-18T15:55:40.000Z,0
68b608db90425f342a54e830,f0d34155-05a2-4401-9e0c-28f47676cdb7,22,86,3,2025-01-27T09:06:02.000Z,21
68b608db90425f342a54e831,29642a3d-cc88-4f5c-8b10-7febac068c8f,8,143,1,2025-08-12T16:33:57.000Z,22
68b608db90425f342a54e832,20f242a0-9d1e-4d1d-8a98-881d83a8713b,34,99,4,2024-11-29T23:17:56.000Z,22
68b608db90425f342a54e833,424f07da-7698-401b-b59f-0c5bc539528b,35,11,3,2025-06-14T16:29:35.000Z,7
68b608db90425f342a54e834,7db7b903-edc7-464b-88c2-0edec8513296,28,20,4,2025-04-06T15:47:42.000Z,1
68b608db90425f342a54e835,6c2ac4c0-d424-4ea5-ac46-fa105b61ec27,33,137,2,2025-08-17T15:21:27.000Z,9
68b608db90425f342a54e836,51969f48-aa54-48ae-b342-0f8f6a70b6da,2,125,1,2025-01-25T06:51:49.000Z,3
68b608db90425f342a54e837,9e191765-02dd-484f-95cf-5eca628fc085,1,141,1,2025-03-23T18:04:22.000Z,12
68b608db90425f342a54e838,fc05faf4-23dc-489c-8873-af3ce0d41bbd,16,56,5,2025-05-16T02:11:02.000Z,11
68b608db90425f342a54e839,c04d1c7b-bd23-4d47-8ee0-6887c035468e,19,126,5,2025-08-19T15:57:08.000Z,23
68b608db90425f342a54e83a,3d54088b-2a52-4e3f-afc4-1b97e81cae75,3,134,2,2025-08-16T21:36:34.000Z,19
68b608db90425f342a54e83b,b5881491-e2f7-4adc-970b-dcddd2d2763d,39,15,3,2025-02-21T23:34:30.000Z,9
68b608db90425f342a54e83c,2f737356-84d7-44df-bc33-4fe2bf1f6312,10,120,5,2024-10-09T17:27:43.000Z,25
68b608db90425f342a54e83d,f7120e29-0fde-47a1-b3d3-7b163055e826,50,139,3,2025-03-18T06:58:08.000Z,8
68b608db90425f342a54e83e,95db5e05-5e3b-42f9-bd7a-fdd64f52dd7b,47,72,3,2025-01-20T08:28:01.000Z,7
68b608db90425f342a54e83f,fae8003e-7f9e-44b2-a67d-57f566a90935,5,126,2,2025-03-22T04:56:36.000Z,4
68b608db90425f342a54e840,523c0b59-d565-445b-8c77-25c62bfebf98,45,150,4,2024-09-12T17:34:21.000Z,3
68b608db90425f342a54e841,44f4559b-b77d-4af8-868d-0336937dba50,46,19,1,2025-06-06T03:22:05.000Z,23
68b608db90425f342a54e842,d1bde5fc-da34-4ff1-ab9d-43da9b501928,29,117,3,2025-08-02T06:33:25.000Z,4
68b608db90425f342a54e843,ff115f7b-51dd-499e-916b-03e0195d0dc6,38,42,2,2024-10-24T03:25:36.000Z,9
68b608db90425f342a54e844,d9681347-e928-4e13-bd9b-0ad77833eb51,47,148,1,2024-09-07T06:03:40.000Z,5
68b608db90425f342a54e845,14cee556-ecdc-46f9-8005-b82ba6d0a1d3,31,83,4,2024-10-13T16:54:04.000Z,21
68b608db90425f342a54e846,e9ddb747-55b4-4e4c-a911-7337434f34ea,49,79,5,2025-06-05T20:54:20.000Z,23
68b608db90425f342a54e847,2c5acd5e-6402-4136-b5b3-92a9d3e963b4,9,37,5,2024-11-16T05:06:08.000Z,0
68b608db90425f342a54e848,4166966a-5735-4fb2-bcb8-8c44d7915f33,18,104,1,2025-01-02T22:00:36.000Z,24
68b608db90425f342a54e849,31c7295e-4d9a-4084-8011-d7aac7c590dc,5,135,3,2025-01-03T05:31:13.000Z,2
68b608db90425f342a54e84a,ef393eac-212f-498c-9979-7a179a06ec4f,16,75,1,2025-08-28T11:56:28.000Z,16
68b608db90425f342a54e84b,d521e1fa-6e3b-4dab-af3b-6fb5f504ae2f,23,33,4,2025-07-13T12:20:15.000Z,17
68b608db90425f342a54e84c,a35b4369-8f63-476b-9ce6-4c89bdb2a617,36,122,4,2025-06-10T04:45:40.000Z,6
68b608db90425f342a54e84d,7cbd23d0-b9f0-4b91-8808-1e50a5e6dd03,44,63,3,2025-05-27T01:58:20.000Z,16
68b608db90425f342a54e84e,0bc23397-900e-440b-8168-e0495b9e930c,47,94,1,2025-04-18T01:36:53.000Z,21
68b608db90425f342a54e84f,4798bc45-b513-4377-9044-f62a3e6f29fd,11,81,1,2024-09-16T06:46:00.000Z,0
68b608db90425f342a54e850,31c45b9d-93a2-438b-9d8e-73e9de5e4a54,9,11,1,2024-12-07T01:52:54.000Z,3
68b608db90425f342a54e851,d8c777b5-4a80-40cd-9504-ed7c436b5584,49,149,5,2024-12-22T23:42:44.000Z,23
68b608db90425f342a54e852,500c7ec3-5440-4461-b770-2a19f2a8594f,15,20,3,2025-05-21T21:37:44.000Z,11
68b608db90425f342a54e853,6b9084cf-06fd-4890-8ac3-575e70b5f559,14,10,4,2025-04-15T07:13:19.000Z,1
68b608db90425f342a54e854,0f1303fa-4ddb-4453-9353-76fa19d54ef7,17,145,3,2025-08-01T13:42:13.000Z,19
68b608db90425f342a54e855,770cc2fb-ef54-4dae-80c0-8af43886a737,6,89,1,2024-12-16T06:34:58.000Z,2
68b608db90425f342a54e856,f04a0253-5c39-4b19-a69c-cc7cd044ede3,7,100,4,2024-12-04T21:23:52.000Z,10
68b608db90425f342a54e857,f49357bc-4e1e-48c6-898d-b3da562c2c19,33,42,3,2024-11-09T06:15:53.000Z,20
68b608db90425f342a54e858,2f02cc80-99cf-4de6-b86c-eccfb821d540,47,43,3,2024-11-14T19:49:37.000Z,1
68b608db90425f342a54e859,fd4aa0a8-8a95-46aa-8caa-efe9f1c0a7ff,40,115,5,2024-11-28T07:57:26.000Z,12
68b608db90425f342a54e85a,6a51082e-ac08-4b46-8ce5-a52bcc5841c6,12,44,4,2024-10-24T05:02:24.000Z,20
68b608db90425f342a54e85b,f8ff0cef-235e-4e80-b173-296e33888c83,46,89,1,2025-06-01T16:53:01.000Z,24
68b608db90425f342a54e85c,e4538bf7-3d10-42a5-826f-6e57c78cc77a,43,117,3,2025-01-08T17:55:48.000Z,4
68b608db90425f342a54e85d,3573a88c-46fd-429e-b80a-0de8b47d614b,29,101,3,2025-03-23T22:15:05.000Z,24
68b608db90425f342a54e85e,29e57715-9c04-4204-b252-5971274035cd,3,93,3,2025-06-08T08:22:42.000Z,14
68b608db90425f342a54e85f,e7003446-dbda-4f18-8e5b-b969f2e3f65b,7,48,5,2025-05-11T06:55:10.000Z,10
68b608db90425f342a54e860,696bf531-608d-4b4c-8c6d-d248dde984b7,42,25,4,2025-06-13T23:14:12.000Z,1
68b608db90425f342a54e861,6bb777b5-aeaa-4b76-9862-49804f32584c,37,124,4,2024-10-24T11:23:47.000Z,15
68b608db90425f342a54e862,fffeee2e-a407-4196-a792-00a754f6a79a,26,9,5,2025-01-31T08:54:21.000Z,13
68b608db90425f342a54e863,3d044aa6-b66a-49f0-a3f2-39e402d6a018,16,31,4,2025-06-13T12:14:53.000Z,9
68b608db90425f342a54e864,b446c177-8434-4bc9-b557-75a5be6cca30,35,77,3,2024-10-01T23:13:28.000Z,17
68b608db90425f342a54e865,84fbaa29-4790-40b1-8de3-f388f1f922b7,40,110,2,2025-08-20T08:26:59.000Z,25
68b608db90425f342a54e866,4b179063-a0be-4ad4-8b44-bcdf1855fc4a,12,32,2,2025-04-07T14:31:02.000Z,2
68b608db90425f342a54e867,b9421f3d-af47-4935-a04c-36056cf25339,22,149,4,2025-01-08T11:38:35.000Z,20
68b608db90425f342a54e868,5f215338-dc18-4130-b616-256c7aa3254f,50,147,2,2024-09-04T23:26:03.000Z,13
68b608db90425f342a54e869,1cd512aa-9cfe-4474-9905-751e46bd2716,17,113,4,2025-05-02T23:02:52.000Z,13
68b608db90425f342a54e86a,91b6c58f-93b8-4806-91fa-bbda902cc940,12,44,4,2025-07-01T07:48:42.000Z,3
68b608db90425f342a54e86b,af4e4003-91a1-432e-840e-ba495b934cbd,9,136,2,2024-11-07T10:29:47.000Z,3
68b608db90425f342a54e86c,acbb5e80-0464-4513-9eaf-b41f2193617e,29,85,2,2025-03-19T00:14:31.000Z,25
68b608db90425f342a54e86d,42257ff0-8548-4536-8c69-1ce93d3f461b,12,102,1,2025-02-19T05:58:03.000Z,2
68b608db90425f342a54e86e,96fc111e-8a37-4bd0-91a5-ff86732baab6,3,22,1,2024-11-15T07:37:50.000Z,11
68b608db90425f342a54e86f,182501a6-a89b-4990-ba50-de2fe61c9bca,24,75,5,2025-03-27T02:11:27.000Z,2
68b608db90425f342a54e870,9bc80ce9-e82e-4511-87c3-47e6d428110e,40,92,4,2025-06-03T17:37:33.000Z,4
68b608db90425f342a54e871,14cbc94e-a244-485c-b05a-17353f7d17f1,3,51,1,2024-11-18T02:46:47.000Z,11
68b608db90425f342a54e872,55236e03-4a11-424d-a775-beeed362c980,20,144,4,2025-07-29T16:10:24.000Z,0
68b608db90425f342a54e873,0566544e-2401-4821-9da0-d8c7f8769971,31,12,5,2025-05-04T12:36:16.000Z,9
68b608db90425f342a54e874,fdd17984-dcc1-4a44-b3ed-dab4c3035e7f,15,29,4,2025-05-26T15:34:57.000Z,9
68b608db90425f342a54e875,d59d4e99-73a6-48ef-bc36-1b296eb10d12,1,109,5,2024-11-27T09:22:09.000Z,3
68b608db90425f342a54e876,65d6e789-6a80-4354-ae56-d1af578eb470,44,46,2,2025-04-23T13:46:16.000Z,14
68b608db90425f342a54e877,10b6c3c9-be2a-486f-9d07-b1504509b218,31,99,3,2024-11-28T16:35:41.000Z,13
68b608db90425f342a54e878,8df31618-0904-4adf-946e-d951c9f99995,13,117,5,2025-01-25T16:55:54.000Z,4
68b608db90425f342a54e879,9928b236-4876-469d-b70d-58d7e70a3f61,39,121,4,2025-05-02T21:09:21.000Z,17
68b608db90425f342a54e87a,b266f22f-e8da-440c-ae8f-c5867a85a093,42,141,2,2025-03-15T08:59:20.000Z,2
68b608db90425f342a54e87b,0875e377-679c-44eb-8b83-1c03a559c6ac,26,10,1,2025-03-31T16:40:12.000Z,19
68b608db90425f342a54e87c,07e9c57b-df23-4d9c-8007-75c3e5f695fd,11,59,1,2025-05-14T11:54:59.000Z,21
68b608db90425f342a54e87d,3be6d32a-9c1b-4ced-89b5-234b4a10d6a5,6,85,4,2025-07-22T07:24:21.000Z,9
68b608db90425f342a54e87e,087f1046-f7fa-45f0-8307-f76d0cc4f326,12,143,1,2025-05-10T03:27:25.000Z,10
68b608db90425f342a54e87f,e5d430bd-a057-4ac9-96a8-ccad991ddac7,15,82,1,2025-08-31T21:18:53.000Z,4
68b608db90425f342a54e880,b05ae2c7-3c2d-4ff0-b02c-c6d63800a0e7,46,136,1,2024-12-03T19:34:18.000Z,12
68b608db90425f342a54e881,a6a041ad-12f2-4396-b3c0-4799e4b89fea,22,72,4,2024-10-19T07:38:37.000Z,11
68b608db90425f342a54e882,8a2b7cce-1ecc-42b0-a007-41f4db3e2f55,27,85,1,2025-03-18T07:38:51.000Z,1
68b608db90425f342a54e883,490cf3fc-1cd0-44aa-b2c9-1ee2292c3354,14,140,4,2024-12-14T02:09:37.000Z,4
68b608db90425f342a54e884,e1cc3b0d-6fec-4849-9dd6-5a33aadab399,15,101,3,2024-09-21T11:39:12.000Z,23
68b608db90425f342a54e885,7b7f2055-2460-49f5-8fb1-5c1c7a094736,7,100,5,2025-02-09T11:16:02.000Z,13
68b608db90425f342a54e886,50cd0988-caa0-45ed-adca-2312bdb2733b,40,59,4,2024-09-02T16:41:50.000Z,25
68b608db90425f342a54e887,0a439ea6-1345-4bb5-b452-542ebcb0fddb,24,57,3,2024-09-03T07:52:14.000Z,14
68b608db90425f342a54e888,777ea6cd-aa2c-41ba-b311-4634f80015ae,23,54,3,2025-05-15T16:07:22.000Z,15
68b608db90425f342a54e889,e4c6e15b-4b4d-4031-9a8d-d415700a4310,12,125,3,2025-02-16T15:24:22.000Z,18
68b608db90425f342a54e88a,9eaa86ca-fe2e-4a69-a552-253fc6a04cd6,5,37,2,2024-11-04T09:35:12.000Z,3
68b608db90425f342a54e88b,52e6bd28-fe87-4644-b6d6-111a592ed3df,44,63,2,2025-03-09T08:47:29.000Z,17
68b608db90425f342a54e88c,5a761645-61ab-4d3a-bae1-c1af0f517b60,40,45,1,2025-03-17T22:49:35.000Z,6
68b608db90425f342a54e88d,05a61f55-47e0-4ca7-b21f-63931b36764a,9,73,3,2025-02-02T11:18:06.000Z,19
68b608db90425f342a54e88e,4b00fe64-1979-451c-ba88-28a0a3bf5f43,7,67,2,2025-06-17T18:37:17.000Z,7
68b608db90425f342a54e88f,6afe9f47-cc82-44df-b717-a5a057065f19,29,113,5,2024-12-29T15:24:10.000Z,14
68b608db90425f342a54e890,846f8037-4106-4408-a811-ff39134798fc,37,9,1,2025-02-12T07:00:11.000Z,24
68b608db90425f342a54e891,f240553f-3f00-4f73-ade0-c0eadd9fa80e,45,125,2,2024-12-16T20:38:30.000Z,3
68b608db90425f342a54e892,a9d8594f-eccb-475a-9cf0-be6d6cbaa288,13,12,3,2025-04-16T19:02:49.000Z,14
68b608db90425f342a54e893,924e7a1b-db04-4c1b-a261-c41aeafc80ac,9,136,2,2024-12-22T07:01:19.000Z,6
68b608db90425f342a54e894,fe3be779-01f8-45f7-a194-28df0f9780dc,38,130,3,2025-06-22T15:43:08.000Z,4
68b608db90425f342a54e895,650e522b-7b20-47ba-aa6d-861f4c4b4f55,19,6,1,2024-09-24T13:23:06.000Z,15
68b608db90425f342a54e896,67727a1d-77dd-4362-ba07-811dcfdaa739,36,84,3,2024-10-02T20:33:35.000Z,5
68b608db90425f342a54e897,e838eea9-e225-4809-8b61-ff4fd3e60052,9,141,2,2025-07-11T14:45:44.000Z,4
68b608db90425f342a54e898,1ac5a846-ba5d-4975-8e5a-9f0709b1c2f2,27,56,2,2025-07-02T14:46:49.000Z,12
68b608db90425f342a54e899,7bb39448-9785-4dd4-9d18-634c2783d75c,25,2,3,2024-12-12T11:06:11.000Z,23
68b608db90425f342a54e89a,017cc430-1fb8-49d4-a9d0-77153074a543,37,97,3,2024-10-27T09:57:33.000Z,10
68b608db90425f342a54e89b,513c4afb-798c-45ff-8b40-ea87588fad86,40,23,1,2025-04-30T18:59:43.000Z,2
68b608db90425f342a54e89c,6c06640e-b04e-465a-89b0-ea7d4485620a,6,59,1,2025-05-08T13:20:33.000Z,16
68b608db90425f342a54e89d,bde49ad7-8637-444f-85c1-6257e5f0884f,30,13,3,2024-11-03T13:37:51.000Z,8
68b608db90425f342a54e89e,77f01747-e11f-424d-a085-529df67c5960,26,132,5,2024-09-09T00:32:30.000Z,3
68b608db90425f342a54e89f,825ecbaf-bba7-48a4-affe-33d8ae310520,37,134,3,2024-11-06T19:15:42.000Z,22
68b608db90425f342a54e8a0,2ff1ca54-ea9b-4227-b7b5-26cd54b283d4,46,138,5,2025-08-08T23:23:02.000Z,6
68b608db90425f342a54e8a1,ec5e0e1c-f607-467c-9bb2-f4930a464074,32,126,2,2025-02-09T20:22:22.000Z,1
68b608db90425f342a54e8a2,2eeb9145-0e68-4a5b-aa40-13e1d4f0bc39,39,143,2,2024-10-21T11:51:45.000Z,17
68b608db90425f342a54e8a3,9ac69476-9ecf-4cfd-ab0a-087c3197821a,44,11,2,2025-05-19T00:19:39.000Z,15
68b608db90425f342a54e8a4,58274b09-4e93-4298-b8dc-cddac17b2518,17,47,2,2024-09-29T22:07:16.000Z,18
68b608db90425f342a54e8a5,8d658f2d-6ea1-42c4-b153-693e54771f2c,26,8,4,2024-10-05T20:28:06.000Z,19
68b608db90425f342a54e8a6,f7758b36-1049-42f9-aa81-af1d37223d9c,1,26,1,2025-03-26T01:13:26.000Z,7
68b608db90425f342a54e8a7,6d714ec8-f7d2-476d-b6bc-7714326364cb,22,136,4,2024-09-30T06:56:23.000Z,8
68b608db90425f342a54e8a8,64d6060c-831e-4efc-9527-1ab2ba1ffa96,38,21,5,2025-01-07T00:24:51.000Z,25
68b608db90425f342a54e8a9,0e602d6b-abb8-4ab1-b5ae-c9479bb343a4,3,85,4,2025-03-28T03:57:56.000Z,23
68b608db90425f342a54e8aa,521cf865-6467-4a6b-a70a-5473606d2542,32,97,3,2024-10-24T03:42:05.000Z,8
68b608db90425f342a54e8ab,9d81d284-34ab-475f-825b-62e6bd7a11dc,15,137,3,2025-03-09T16:02:56.000Z,13
68b608db90425f342a54e8ac,33608be6-1994-43ee-86e5-3fb0fb9be5c3,20,23,1,2025-01-12T11:15:29.000Z,7
68b608db90425f342a54e8ad,d9b45c58-7bb8-4ac1-9bcc-908635d3c6df,7,134,1,2024-12-08T13:57:08.000Z,23
68b608db90425f342a54e8ae,876cbf09-04b0-4398-b365-87121852cbdf,45,85,1,2025-08-18T08:07:11.000Z,16
68b608db90425f342a54e8af,8d06b718-44c9-468f-845f-f823d775d45d,10,55,4,2024-10-13T13:23:18.000Z,6
68b608db90425f342a54e8b0,ca1dc7ee-8b53-418a-8926-e0a68415a74c,46,48,3,2025-06-08T03:06:48.000Z,20
68b608db90425f342a54e8b1,2eb23d0f-8590-46b9-b985-2484bae98f29,32,76,3,2025-01-13T01:37:21.000Z,4
68b608db90425f342a54e8b2,1b80355f-9339-45bf-9692-7a8eaf1dd5d4,23,39,3,2025-02-04T09:30:44.000Z,20
68b608db90425f342a54e8b3,db7b1b90-9333-4519-b598-54c206e40a7e,24,106,1,2025-04-29T08:53:43.000Z,14
68b608db90425f342a54e8b4,a19cd9df-82e5-42cb-9f30-c577790f8ba3,22,115,1,2024-09-29T06:02:08.000Z,10
68b608db90425f342a54e8b5,41384c80-3410-4acf-8a7b-2ed7073ef74d,12,132,4,2025-01-21T18:41:24.000Z,19
68b608db90425f342a54e8b6,7bac47ce-cd03-45ef-9b07-01f9015c6a09,50,52,4,2024-10-11T21:30:00.000Z,1
68b608db90425f342a54e8b7,5fc5e22f-5389-4763-81c7-7205179dede9,6,140,4,2025-01-08T22:44:52.000Z,1
68b608db90425f342a54e8b8,d9ef549b-2fc9-4cce-9c44-56f9aaeaa6a2,17,23,3,2024-10-18T10:58:54.000Z,1
68b608db90425f342a54e8b9,d94b6fce-14d9-4ef1-8ca7-561ac171085e,2,24,1,2025-02-14T16:39:14.000Z,23
68b608db90425f342a54e8ba,77caac7b-63d9-4826-a85e-d79c4a827617,43,140,5,2025-03-27T10:34:04.000Z,21
68b608db90425f342a54e8bb,93409290-3f77-4fec-b69e-dec7ed6fa7fc,2,94,4,2025-02-27T11:02:25.000Z,25
68b608db90425f342a54e8bc,5a9d1f55-447f-4867-9f80-5c61806710aa,32,19,5,2025-06-12T11:55:22.000Z,21
68b608db90425f342a54e8bd,ccae43d9-500e-47fd-9849-4a3f665c8e69,47,67,1,2025-07-22T04:40:38.000Z,12
68b608db90425f342a54e8be,f709a330-1388-45d9-9ec6-dcdb921d17e7,37,33,3,2025-05-19T19:12:32.000Z,5
68b608db90425f342a54e8bf,afb18e4d-dbe0-4037-9ea8-27b51e4f03aa,23,106,4,2024-10-17T20:48:17.000Z,10
68b608db90425f342a54e8c0,0bb945ba-2988-4802-b62b-e33afb5df30a,16,128,1,2024-10-12T03:59:34.000Z,5
68b608db90425f342a54e8c1,d5f53df3-facb-4567-9c61-05320059ca5d,6,67,5,2024-10-20T14:20:32.000Z,16
68b608db90425f342a54e8c2,06ed2b22-9057-47ff-9f8d-0894c9c7eccb,2,18,1,2025-05-18T10:00:14.000Z,23
68b608db90425f342a54e8c3,08e1e598-ac27-4177-adca-f6e7f77554e2,40,44,3,2025-08-11T08:48:57.000Z,18
68b608db90425f342a54e8c4,7df358e2-56ba-41ef-9fa9-a84cff75e519,39,18,5,2024-10-13T12:32:22.000Z,11
68b608db90425f342a54e8c5,5e7bc822-8d71-4725-936c-dcf353672768,5,47,3,2025-07-12T03:14:25.000Z,22
68b608db90425f342a54e8c6,49d625cb-b160-42d3-956c-94c045116582,9,34,2,2025-07-31T00:15:23.000Z,17
68b608db90425f342a54e8c7,079af816-c25b-41b5-8bb7-8a326df8824a,27,110,2,2024-09-30T03:29:54.000Z,12
68b608db90425f342a54e8c8,d09d3b90-f217-44d4-bbab-c190ee2e07fb,18,127,1,2025-02-01T03:24:04.000Z,19
68b608db90425f342a54e8c9,2b60ae00-d58a-4c7c-a6c6-027580922866,5,124,1,2025-08-27T06:20:55.000Z,5
68b608db90425f342a54e8ca,e987249b-1591-4bad-9aaa-bcddd9362831,37,114,4,2024-11-26T21:41:55.000Z,8
68b608db90425f342a54e8cb,f63db0bf-69a9-40b4-af83-f2ce1df5798b,33,14,2,2025-08-06T15:06:22.000Z,19
68b608db90425f342a54e8cc,674972a0-5a53-4fed-98c6-0afb3d676f7e,13,50,1,2025-01-12T02:12:54.000Z,7
68b608db90425f342a54e8cd,e4b7cd54-3abb-4265-89df-cf3dded71d3f,7,133,1,2025-08-06T23:35:33.000Z,3
68b608db90425f342a54e8ce,6ead2848-eb3a-4bc6-b8b4-303b942da11a,12,78,2,2024-09-04T13:01:08.000Z,18
68b608db90425f342a54e8cf,9c34441e-b6af-4904-b2e7-d43463fe6bba,19,38,2,2025-08-04T09:03:18.000Z,4
68b608db90425f342a54e8d0,ab01a673-dcee-44ae-bda4-655435fc7b60,17,96,3,2025-05-15T15:49:25.000Z,24
68b608db90425f342a54e8d1,2bd0a003-25ce-44b3-ad80-db164a2d5304,22,20,4,2024-11-11T22:11:54.000Z,24
68b608db90425f342a54e8d2,6b340641-6b99-4310-851f-433f6b864853,19,74,3,2025-03-31T16:06:46.000Z,21
68b608db90425f342a54e8d3,320952e3-6fb2-4a3b-a397-605cbdc43813,1,109,2,2025-03-11T03:49:35.000Z,18
68b608db90425f342a54e8d4,9466190e-89ac-4b38-acc8-5f66d2cde23e,23,43,5,2025-01-19T18:42:55.000Z,17
68b608db90425f342a54e8d5,17139add-54ae-4010-8a17-ebfc046f7462,4,124,5,2025-06-28T13:09:36.000Z,20
68b608db90425f342a54e8d6,ede235cc-af4c-44af-b4d8-f54760b008bc,6,78,1,2025-04-18T03:15:21.000Z,3
68b608db90425f342a54e8d7,1e62ff82-6142-48db-8309-2e5c09b74038,21,99,3,2025-07-26T20:29:46.000Z,5
68b608db90425f342a54e8d8,e1ac6b67-fadd-4d12-9931-c800af53a67c,21,80,4,2025-08-19T20:54:03.000Z,13
68b608db90425f342a54e8d9,46817128-c038-430e-bfea-af08cabb078c,50,150,5,2025-05-28T08:42:12.000Z,1
68b608db90425f342a54e8da,5f4f1aa5-1621-4199-982e-60c1537022c6,26,48,4,2024-11-10T16:06:09.000Z,7
68b608db90425f342a54e8db,6dacdf85-6610-460e-9e37-102f2d309b68,7,58,1,2024-12-14T06:46:47.000Z,4
68b608db90425f342a54e8dc,f5d49ec9-6ea6-4433-8c57-5ca4914e8013,46,12,2,2025-06-15T03:37:27.000Z,12
68b608db90425f342a54e8dd,34e911b2-3f28-4056-9535-8bc3593815dd,6,39,4,2025-08-16T08:08:27.000Z,1
68b608db90425f342a54e8de,da5081f2-b0ed-47b9-8480-a4ece1f5723c,50,33,1,2025-02-10T03:48:28.000Z,19
68b608db90425f342a54e8df,47126f4a-0ec0-4d9d-ac8d-54ed9eeea29b,27,131,5,2024-10-15T16:30:14.000Z,20
68b608db90425f342a54e8e0,2ba5b883-3403-47d9-b13e-ab69da3c52fb,50,24,4,2024-10-11T01:58:57.000Z,20
68b608db90425f342a54e8e1,d24ed88d-ffd5-4679-9625-9230ca6d47d8,19,72,3,2025-08-14T06:35:45.000Z,3
68b608db90425f342a54e8e2,cc5dbfd2-6fdb-4eb5-86b6-007ec1ad8b54,45,9,2,2025-05-04T12:03:49.000Z,7
68b608db90425f342a54e8e3,4d815b3f-9ca8-4589-b23f-6a41cb7e88f3,8,89,1,2024-09-26T04:46:00.000Z,9
68b608db90425f342a54e8e4,64bf7bed-a202-4a44-98ec-0f7e33d4fa60,5,95,2,2025-05-25T08:56:33.000Z,10
68b608db90425f342a54e8e5,2fca465e-2ce7-4344-88d4-799b1a6dbbe6,48,34,1,2024-10-15T02:11:39.000Z,25
68b608db90425f342a54e8e6,8380410e-4155-46aa-9161-3f1ffe88ec3b,46,77,3,2025-07-17T11:09:51.000Z,6
68b608db90425f342a54e8e7,725ee3cd-fe4f-4be2-80e7-5f9139f8aaa5,30,128,5,2025-06-10T03:13:10.000Z,0
68b608db90425f342a54e8e8,45705829-3854-483a-8c63-2fb48b3ac7fa,41,74,2,2025-02-02T09:10:23.000Z,12
68b608db90425f342a54e8e9,2c4891ab-546b-479e-a78a-cc186735ea47,8,66,4,2025-02-05T23:03:31.000Z,4
68b608db90425f342a54e8ea,fc80e2eb-aec7-4f16-aaf5-e77e1f4af952,13,77,1,2025-08-21T07:03:16.000Z,9
68b608db90425f342a54e8eb,bc789329-29fb-4152-8ce9-d942a2feaa0b,46,4,4,2025-01-26T13:07:49.000Z,6
68b608db90425f342a54e8ec,f4209130-f0cd-4e78-aff6-a5a687e45e02,18,120,1,2025-03-06T12:16:29.000Z,17
68b608db90425f342a54e8ed,4c5b4ed0-e952-430a-9b97-443acc3d46ca,30,33,5,2025-01-10T17:47:45.000Z,3
68b608db90425f342a54e8ee,d87927d4-6698-4f16-a249-b29c2c9f7635,9,144,1,2025-08-21T14:22:23.000Z,17
68b608db90425f342a54e8ef,71901fa8-7321-4069-8f12-392a3bdb2b12,19,35,3,2025-04-24T05:15:59.000Z,25
68b608db90425f342a54e8f0,0a2adb20-0ae3-47be-a6b5-1f822ae2a960,6,17,1,2024-11-22T02:26:45.000Z,3
68b608db90425f342a54e8f1,562eb3d9-d91b-4278-b78b-d1c72ce7c2ef,29,11,4,2024-09-03T14:16:12.000Z,20
68b608db90425f342a54e8f2,08fa06f4-928a-47ec-9113-ad964fba51c2,35,72,3,2025-04-21T05:01:04.000Z,0
68b608db90425f342a54e8f3,f150d021-ec25-4a39-aae8-a193b4b163eb,50,66,2,2025-04-27T18:17:40.000Z,17
68b608db90425f342a54e8f4,8cd12382-cab4-4575-8252-a1846a35fd1c,24,19,1,2025-01-04T03:51:04.000Z,25
68b608db90425f342a54e8f5,4b8baa75-b3a6-4386-9a08-abb80eb5c057,48,7,1,2025-06-24T17:17:12.000Z,19
68b608db90425f342a54e8f6,8ebecfd7-60e1-46b4-9055-644ce176f64d,15,86,1,2024-10-28T07:48:48.000Z,21
68b608db90425f342a54e8f7,d49df0c2-8d4c-40e6-bed8-6f0edd8263e4,1,120,1,2025-02-04T13:33:10.000Z,12
68b608db90425f342a54e8f8,835d3060-c6da-4c21-bd2a-e307e681507e,26,99,1,2025-01-18T16:53:06.000Z,20
68b608db90425f342a54e8f9,c0f43052-bde3-499b-a507-511a9aa0aff6,23,79,3,2025-02-26T09:13:59.000Z,10
68b608db90425f342a54e8fa,71088a39-137c-44f9-b9c9-797f0c016e65,41,149,4,2025-05-15T00:52:20.000Z,23
68b608db90425f342a54e8fb,d6e86916-99f3-49c7-8e93-53db5be2df73,2,94,2,2024-10-26T17:20:17.000Z,7
68b608db90425f342a54e8fc,36048324-735c-4772-a7a4-a6119072dba5,44,149,3,2025-08-06T18:41:14.000Z,16
68b608db90425f342a54e8fd,acc56cab-b7ff-4280-abe2-9abb8bd2a529,45,67,2,2024-12-18T08:47:18.000Z,6
68b608db90425f342a54e8fe,9419f6be-0cd2-4ba0-8b99-99fb642b52c4,44,1,1,2025-08-08T18:33:48.000Z,4
68b608db90425f342a54e8ff,763df11d-b8dc-4e99-8fc4-5c969a8b205f,6,116,3,2025-06-12T08:30:38.000Z,24
68b608db90425f342a54e900,6a2a8531-2ada-4acf-93a3-f5273f761de6,1,38,1,2025-04-16T21:39:05.000Z,3
68b608db90425f342a54e901,57703220-3207-49cb-a212-265ceb73582e,31,77,5,2024-11-14T16:20:16.000Z,24
68b608db90425f342a54e902,c71eda65-307e-4d3d-8717-0aa169a9f0b8,25,86,3,2024-12-18T09:20:39.000Z,20
68b608db90425f342a54e903,6b916807-e6b5-4120-a216-236fd119f264,18,27,2,2025-02-10T06:17:47.000Z,24
68b608db90425f342a54e904,94060bca-d843-4e97-8cee-58673f7e279f,38,30,3,2025-02-02T01:21:22.000Z,12
68b608db90425f342a54e905,91458182-de77-48fb-94ca-ec2f0cec20a0,19,58,3,2025-03-19T11:36:13.000Z,17
68b608db90425f342a54e906,f3bddd6c-1c3e-4812-a146-05c389560d95,49,58,1,2024-11-21T14:13:26.000Z,4
68b608db90425f342a54e907,b439ed0c-c69f-4fc6-9485-33b3556aa513,46,34,3,2024-11-16T14:51:30.000Z,11
68b608db90425f342a54e908,a0725e15-c4c2-4e2c-8abf-b6e746744829,33,8,3,2024-12-04T12:38:29.000Z,5
68b608db90425f342a54e909,ef47c3d4-7d51-466d-aa8d-49b4c1e03701,37,43,1,2025-04-15T06:01:11.000Z,16
68b608db90425f342a54e90a,1b053831-97a9-4107-b7bb-712f7bb5f3f9,17,130,3,2025-08-23T23:33:20.000Z,24
